text,config,hand,complete,n,refused,median_coverage,median_rms_mm,ink_acc_jerk_pass,ink_acc_jerk_pass_lp30
se,proposed,still,20,20,0,1,0.0427557,0,20
se,proposed,drift,20,20,0,1,0.0472395,0,20
se,proposed,mod_PD,13,20,7,1,0.0918067,0,0
se,proposed,mod_ET,11,20,9,1,0.0908813,0,0
se,proposed,sev_PD,1,20,18,0.0663778,0.668007,0,0
se,proposed,sev_ET,1,20,19,0.136613,0.432116,0,0
se,firm_ideal,still,20,20,0,1,0.0125741,0,20
se,firm_ideal,drift,20,20,0,1,0.0234543,0,20
se,firm_ideal,mod_PD,20,20,0,1,0.0823075,0,0
se,firm_ideal,mod_ET,20,20,0,1,0.0812915,0,0
se,firm_ideal,sev_PD,0,20,20,0.108309,0.609395,0,0
se,firm_ideal,sev_ET,0,20,18,0.270488,0.335057,0,0
se,relaxed_ink_loop,still,0,20,20,0.0882151,0.280374,0,0
se,relaxed_ink_loop,drift,0,20,20,0.0862932,0.314599,0,0
se,relaxed_ink_loop,mod_PD,0,20,20,0.0633016,0.259081,0,0
se,relaxed_ink_loop,mod_ET,0,20,20,0.0532866,0.228157,0,0
se,relaxed_ink_loop,sev_PD,0,20,20,0.0507305,0.412497,0,0
se,relaxed_ink_loop,sev_ET,0,20,20,0.0536119,0.52375,0,0
se,relaxed_naive,still,0,20,20,0.13284,0.187904,0,20
se,relaxed_naive,drift,0,20,20,0.133235,0.17261,0,17
se,relaxed_naive,mod_PD,0,20,20,0.0397192,0.834777,0,0
se,relaxed_naive,mod_ET,0,20,20,0.0366923,0.736962,0,0
se,relaxed_naive,sev_PD,0,20,20,0.0366923,2.41144,0,0
se,relaxed_naive,sev_ET,0,20,20,0.0395272,1.21446,0,0
se,cradle,cradle,20,20,0,1,0.0139329,0,20
library,proposed,still,15,19,4,1,0.0324454,0,19
library,proposed,drift,17,19,2,1,0.0344819,0,19
library,proposed,mod_PD,3,19,16,0.35394,0.0893472,0,0
library,proposed,mod_ET,4,19,15,0.20096,0.0926725,0,0
library,proposed,sev_PD,0,19,19,0.0154704,0.637962,0,0
library,proposed,sev_ET,0,19,19,0.0379727,0.295605,0,0
library,firm_ideal,still,19,19,0,1,0.0110525,0,19
library,firm_ideal,drift,19,19,0,1,0.0198686,0,19
library,firm_ideal,mod_PD,19,19,0,1,0.0807298,0,0
library,firm_ideal,mod_ET,19,19,0,1,0.0797556,0,0
library,firm_ideal,sev_PD,0,19,19,0.0238476,0.383284,0,0
library,firm_ideal,sev_ET,0,19,19,0.120081,0.273855,0,0
library,relaxed_ink_loop,still,0,19,19,0.0198591,0.206104,0,0
library,relaxed_ink_loop,drift,0,19,19,0.0197886,0.203413,0,0
library,relaxed_ink_loop,mod_PD,0,19,19,0.00787092,0.213913,0,0
library,relaxed_ink_loop,mod_ET,0,19,19,0.0105576,0.229861,0,0
library,relaxed_ink_loop,sev_PD,0,19,19,0.00820111,0.603529,0,0
library,relaxed_ink_loop,sev_ET,0,19,19,0.0105576,0.388513,0,0
library,relaxed_naive,still,0,19,19,0.0227163,0.161743,0,18
library,relaxed_naive,drift,0,19,19,0.024596,0.171656,0,17
library,relaxed_naive,mod_PD,0,19,19,0.00555445,0.612409,0,0
library,relaxed_naive,mod_ET,0,19,19,0.00590686,0.581783,0,0
library,relaxed_naive,sev_PD,0,19,19,0.00533689,2.3153,0,0
library,relaxed_naive,sev_ET,0,19,19,0.00533689,1.62605,0,0
library,cradle,cradle,19,19,0,1,0.0121764,0,19
se,fivebar,no grip,20,20,0,1,0.0397533,,
se,fivebar,200 N/m grip,0,20,20,0.281573,0.968353,,
se,fivebar,500 N/m grip,0,20,20,0.262445,0.944056,,
