candidate,F_s_N,P_cont_W,P_35deg_W,travel_under_load_mm
c_counterface,0.05,0.00257922,0.00518069,1
c_counterface,0.1,0.00518594,0.0113686,1
c_counterface,0.15,0.00999024,0.0227983,1
c_counterface,0.3,0.0393523,0.0928846,1
c_counterface,0.5,0.117644,0.280439,1
c_counterface,0.69,0.237726,0.568907,1
c_counterface,1,0.537566,1.29119,1
f_translation,0.05,0.00691581,0.0182921,1
f_translation,0.1,0.035614,0.0958304,1
f_translation,0.15,0.0900795,0.240529,1
f_translation,0.3,0.411031,1.08574,0
f_translation,0.5,1.21364,3.19145,0
f_translation,0.69,2.37973,6.24747,0
f_translation,1,5.14016,13.4795,0
