profile,cond,label,n,target_err_um,target_err_um_sd,letters_read_ok,error_letters_read_as_target,words_app,device_share,F_rms_N,F_p95_N,felt_p95_N,slide_share,slip_events,coverage
dysgraphia,none,"Rev H, nothing on",24,582.3515509775499,131.14845652115164,0.9228395061728394,0.8867676689996736,0.8666666666666666,0.0,0.0,0.0,,0.0,0.0,0.7308966739714723
dysgraphia,nose_partial,nose alone (partial),24,377.59351938915256,140.42843564389227,0.9382716049382717,0.9079809251635877,0.8874999999999998,0.2336389223147702,0.0,0.0,0.00613119035987113,0.0,0.0,0.8218394500762898
dysgraphia,board_partial,"desk board, partial",24,444.1347316982574,89.77031355996266,0.9104938271604938,0.8697271455253267,0.8708333333333335,0.2718754583714538,0.02675441927234956,0.06351331512521748,0.16585086920638062,0.0,0.0,0.5963614212133579
dysgraphia,board_full,"desk board, full",24,383.8178329496379,62.046894112788785,0.8472222222222222,0.8100611044012748,0.8083333333333335,0.25408496216632204,0.10716406595311423,0.20548436817118823,0.2063241847386156,0.0,0.0,0.6710278424975367
dysgraphia,ball_partial,"heel ball, partial",24,506.59948189385494,97.4449845951306,0.9259259259259259,0.8935633039203085,0.8916666666666666,0.10488571211147839,0.054036139089807166,0.09877665780666611,0.0659956537825319,9.948531289840441e-05,2.5833333333333335,0.7228449049079243
dysgraphia,ball_full,"heel ball, full",24,288.08614117309725,50.93406490978205,0.9043209876543209,0.8878216370331309,0.8041666666666667,0.3084360663005637,0.1056222596539395,0.2308918301205981,0.24898875036964593,0.00034156190649848125,12.583333333333334,0.8514872773728998
dysgraphia,wheel_path,steered wheel (steer only),24,371.25726693616804,97.41533996653752,0.8425925925925926,0.8009180721883894,0.7416666666666666,0.3171988202987182,0.11691909301958485,0.24974649821792508,0.26490054970379,0.0011522151120351013,11.291666666666666,0.8562262081686951
dysgraphia,wheel_partial,"steered wheel, free in band",24,424.95391275645005,96.97341577983723,0.8996913580246914,0.8694500950402654,0.8416666666666667,0.3308523985250446,0.11867112790301927,0.24785537308458436,0.21438254288676406,0.0007278689693875549,39.791666666666664,0.7637220050598649
dysgraphia,wheel_path+nose,steered wheel + nose,24,76.31517356240397,14.19522003566762,0.7854938271604938,0.7712619083845865,0.6166666666666667,0.41855780816545834,0.11824747195736558,0.25173152434070656,0.26602925563714436,0.0012033949348819364,11.166666666666666,0.8979127864059112
dysgraphia,sd_full,steered + driven wheel,24,388.89145769292236,99.6821943130632,0.8641975308641975,0.8341316562049922,0.7458333333333332,0.31949491243592726,0.11110382024234344,0.24078838584377124,0.25720680943054147,0.0009884884280989324,12.333333333333334,0.8789008273086716
dysgraphia,sd_path,"driven wheel, steer only",24,372.1652223403583,99.08296114231192,0.8564814814814815,0.8244086976333493,0.7583333333333334,0.3138622604540768,0.11722308493106297,0.24947030012463453,0.26264259775953364,0.0011320987531381807,10.083333333333334,0.8506178966606924
dysgraphia,ballsmooth_full,"heel ball, full, smooth rollers",24,288.64983950903326,46.443720558968295,0.861111111111111,0.841026129300123,0.725,0.2937702665067094,0.11508676757763377,0.23242345260195485,0.24238279495490098,0.0008843312183953947,9.875,0.7866511118729148
dyslexia,none,"Rev H, nothing on",24,616.1489342235349,173.36145001405652,0.8256172839506174,0.0,0.6625,0.0,0.0,0.0,,0.0,0.0,0.7593017197807065
dyslexia,nose_partial,nose alone (partial),24,462.8022874668106,176.71835565519618,0.8379629629629631,0.0,0.6833333333333332,0.20394828533555018,0.0,0.0,0.006235320949426905,0.0,0.0,0.8137991019543236
dyslexia,board_partial,"desk board, partial",24,506.550387241353,115.11798414478022,0.8256172839506172,0.0,0.65,0.26085220308331686,0.027557883577198194,0.061684321048852166,0.1639318276820889,0.0,0.0,0.5613048041204198
dyslexia,board_full,"desk board, full",24,415.58315392039395,84.46581415847966,0.7885802469135802,0.0,0.6833333333333332,0.24278668717793894,0.1045970298541931,0.20404495801064293,0.20304120285008828,0.0,0.0,0.6537630666432527
dyslexia,ball_partial,"heel ball, partial",24,514.5876037507581,123.519054900664,0.8256172839506174,0.0,0.6541666666666667,0.10896924013437242,0.05964094931283496,0.11645416032032879,0.08150411298143483,0.00014156673648549613,3.25,0.7490701166393067
dyslexia,ball_full,"heel ball, full",24,311.8074539506524,57.84529199505589,0.8024691358024691,0.0,0.6208333333333333,0.28256028014520446,0.10505284744155063,0.24222853320151794,0.2613077535126524,0.0006432142093731287,12.291666666666666,0.8245243851158867
dyslexia,wheel_path,steered wheel (steer only),24,491.78936714180963,147.79010759721763,0.8086419753086419,0.0,0.6458333333333334,0.27695870581365384,0.10436139513492415,0.2305781192259587,0.23789279266227004,0.0004078676956005521,6.166666666666667,0.8209056922962134
dyslexia,wheel_partial,"steered wheel, free in band",24,514.25345878615,142.81168372000442,0.8225308641975309,0.0,0.6750000000000002,0.31177234707477014,0.11776307279225566,0.25098976169620246,0.20970963565429623,0.00048031688401661116,30.291666666666668,0.7458501470655635
dyslexia,wheel_path+nose,steered wheel + nose,24,97.89986969131995,24.730088617777508,0.7592592592592592,0.020833333333333332,0.5458333333333334,0.39219311357194114,0.10599521476234948,0.2335122455813583,0.23905076629927288,0.000430790423085446,6.083333333333333,0.8461569648475646
dyslexia,sd_full,steered + driven wheel,24,502.55005630387626,150.92100791053278,0.8132716049382717,0.0,0.6541666666666667,0.2854203091732327,0.10068216805379258,0.22604054296431464,0.2371385105908035,0.00048159544504660306,5.833333333333333,0.8364259128012445
dyslexia,sd_path,"driven wheel, steer only",24,490.5497166044872,147.49592376619668,0.8209876543209876,0.0,0.6666666666666666,0.27532801317869215,0.10534197320883737,0.23076861266215823,0.23615706215740628,0.00043620105454634427,5.833333333333333,0.8182508512211667
dyslexia,ballsmooth_full,"heel ball, full, smooth rollers",24,318.60757115784367,58.88581603943138,0.763888888888889,0.0,0.5833333333333334,0.275209980516036,0.1148534710990089,0.24055779024535748,0.25443266255278546,0.000933158133803209,10.666666666666666,0.7714816372404396
