# CALC; literature as labelled
set,measure,value,value2
syn_v1,speed_mm_s,18.2661
syn_v2,speed_mm_s,30.9713
real_unipen,speed_mm_s,26.6818
real_brush,speed_mm_s,39.2399
real_chartraj,speed_mm_s,29.8785
syn_v1,share_8_12_pct,17.3264
syn_v2,share_8_12_pct,10.0749
real_unipen,share_8_12_pct,2.41632
real_brush,share_8_12_pct,35.579
real_chartraj,share_8_12_pct,1.26496
syn_v1,cumulative_velocity_energy_at_Hz,0,0.0056
syn_v1,cumulative_velocity_energy_at_Hz,1.953,0.1495
syn_v1,cumulative_velocity_energy_at_Hz,3.906,0.3827
syn_v1,cumulative_velocity_energy_at_Hz,5.859,0.6109
syn_v1,cumulative_velocity_energy_at_Hz,7.812,0.7515
syn_v1,cumulative_velocity_energy_at_Hz,9.766,0.8563
syn_v1,cumulative_velocity_energy_at_Hz,11.719,0.9248
syn_v1,cumulative_velocity_energy_at_Hz,13.672,0.9608
syn_v1,cumulative_velocity_energy_at_Hz,15.625,0.9802
syn_v1,cumulative_velocity_energy_at_Hz,17.578,0.9915
syn_v1,cumulative_velocity_energy_at_Hz,19.531,0.9971
syn_v1,cumulative_velocity_energy_at_Hz,21.484,0.9991
syn_v1,cumulative_velocity_energy_at_Hz,23.438,0.9998
syn_v1,cumulative_velocity_energy_at_Hz,25.391,0.9999
syn_v1,cumulative_velocity_energy_at_Hz,27.344,1
syn_v1,cumulative_velocity_energy_at_Hz,29.297,1
syn_v2,cumulative_velocity_energy_at_Hz,0,0.0108
syn_v2,cumulative_velocity_energy_at_Hz,1.953,0.2392
syn_v2,cumulative_velocity_energy_at_Hz,3.906,0.5579
syn_v2,cumulative_velocity_energy_at_Hz,5.859,0.7344
syn_v2,cumulative_velocity_energy_at_Hz,7.812,0.8239
syn_v2,cumulative_velocity_energy_at_Hz,9.766,0.8806
syn_v2,cumulative_velocity_energy_at_Hz,11.719,0.9246
syn_v2,cumulative_velocity_energy_at_Hz,13.672,0.9601
syn_v2,cumulative_velocity_energy_at_Hz,15.625,0.981
syn_v2,cumulative_velocity_energy_at_Hz,17.578,0.9921
syn_v2,cumulative_velocity_energy_at_Hz,19.531,0.9971
syn_v2,cumulative_velocity_energy_at_Hz,21.484,0.999
syn_v2,cumulative_velocity_energy_at_Hz,23.438,0.9996
syn_v2,cumulative_velocity_energy_at_Hz,25.391,0.9998
syn_v2,cumulative_velocity_energy_at_Hz,27.344,0.9999
syn_v2,cumulative_velocity_energy_at_Hz,29.297,1
real_unipen,cumulative_velocity_energy_at_Hz,0,0.0038
real_unipen,cumulative_velocity_energy_at_Hz,1.953,0.1512
real_unipen,cumulative_velocity_energy_at_Hz,3.906,0.705
real_unipen,cumulative_velocity_energy_at_Hz,5.859,0.9225
real_unipen,cumulative_velocity_energy_at_Hz,7.812,0.9522
real_unipen,cumulative_velocity_energy_at_Hz,9.766,0.9674
real_unipen,cumulative_velocity_energy_at_Hz,11.719,0.9765
real_unipen,cumulative_velocity_energy_at_Hz,13.672,0.9824
real_unipen,cumulative_velocity_energy_at_Hz,15.625,0.9886
real_unipen,cumulative_velocity_energy_at_Hz,17.578,0.9944
real_unipen,cumulative_velocity_energy_at_Hz,19.531,0.9964
real_unipen,cumulative_velocity_energy_at_Hz,21.484,0.998
real_unipen,cumulative_velocity_energy_at_Hz,23.438,0.9988
real_unipen,cumulative_velocity_energy_at_Hz,25.391,0.9993
real_unipen,cumulative_velocity_energy_at_Hz,27.344,0.9997
real_unipen,cumulative_velocity_energy_at_Hz,29.297,0.9999
real_brush,cumulative_velocity_energy_at_Hz,0,0.003
real_brush,cumulative_velocity_energy_at_Hz,1.953,0.0709
real_brush,cumulative_velocity_energy_at_Hz,3.906,0.1437
real_brush,cumulative_velocity_energy_at_Hz,5.859,0.2565
real_brush,cumulative_velocity_energy_at_Hz,7.812,0.4097
real_brush,cumulative_velocity_energy_at_Hz,9.766,0.6012
real_brush,cumulative_velocity_energy_at_Hz,11.719,0.7726
real_brush,cumulative_velocity_energy_at_Hz,13.672,0.8802
real_brush,cumulative_velocity_energy_at_Hz,15.625,0.9413
real_brush,cumulative_velocity_energy_at_Hz,17.578,0.9694
real_brush,cumulative_velocity_energy_at_Hz,19.531,0.9836
real_brush,cumulative_velocity_energy_at_Hz,21.484,0.9902
real_brush,cumulative_velocity_energy_at_Hz,23.438,0.9936
real_brush,cumulative_velocity_energy_at_Hz,25.391,0.9961
real_brush,cumulative_velocity_energy_at_Hz,27.344,0.998
real_brush,cumulative_velocity_energy_at_Hz,29.297,0.9996
real_chartraj,cumulative_velocity_energy_at_Hz,0,0.005
real_chartraj,cumulative_velocity_energy_at_Hz,1.953,0.1434
real_chartraj,cumulative_velocity_energy_at_Hz,3.906,0.7883
real_chartraj,cumulative_velocity_energy_at_Hz,5.859,0.9613
real_chartraj,cumulative_velocity_energy_at_Hz,7.812,0.9848
real_chartraj,cumulative_velocity_energy_at_Hz,9.766,0.9935
real_chartraj,cumulative_velocity_energy_at_Hz,11.719,0.9975
real_chartraj,cumulative_velocity_energy_at_Hz,13.672,0.9985
real_chartraj,cumulative_velocity_energy_at_Hz,15.625,0.999
real_chartraj,cumulative_velocity_energy_at_Hz,17.578,0.9993
real_chartraj,cumulative_velocity_energy_at_Hz,19.531,0.9996
real_chartraj,cumulative_velocity_energy_at_Hz,21.484,0.9997
real_chartraj,cumulative_velocity_energy_at_Hz,23.438,0.9998
real_chartraj,cumulative_velocity_energy_at_Hz,25.391,0.9999
real_chartraj,cumulative_velocity_energy_at_Hz,27.344,0.9999
real_chartraj,cumulative_velocity_energy_at_Hz,29.297,1
syn_v1,stroke_ms_median,151
syn_v1,power_law_beta,1.00113
syn_v2,stroke_ms_median,105
syn_v2,power_law_beta,0.80332
real_unipen,stroke_ms_median,130
real_unipen,power_law_beta,0.703551
real_brush,stroke_ms_median,125
real_brush,power_law_beta,0.779408
real_chartraj,stroke_ms_median,155.5
real_chartraj,power_law_beta,0.762209
