id,topic,citation,year,doi_or_url,source_type,evidence_class,access_level,task_or_setup,participants_or_bench,comparator,key_quantitative_findings,units_and_conditions,locator,limitations,relevance_to_design,transferability,transferability_reason,design_implication,retrieved,search_query,stream,lead_verification
EML-85,Real misspellings for training and testing a spelling-error model (Birkbeck corpus and Mitton's derived lists),"Mitton R. Corpora of misspellings for download: 'birkbeck' (native-speaker section of the Birkbeck spelling error corpus), 'holbrook', 'aspell', 'wikipedia'. Birkbeck, University of London",2026 (page); corpus 1985-,"https://titan.dcs.bbk.ac.uk/~roger/corpora.html ; full corpus: Oxford Text Archive 0643 (https://ota.bodleian.ox.ac.uk/repository/xmlui/handle/20.500.12024/0643, not reachable from here)",dataset,physical human study (collected misspellings),full text (download page and data files),"Misspellings from spelling tests and free writing, mostly handwritten; each target word with its misspellings","Schoolchildren, university students and adult literacy students (British or American writers)",n/a,"birkbeck: 36,133 misspellings of 6,136 words; holbrook: 1,791 misspellings of 1,200 targets (with frequencies); aspell: 531 of 450; wikipedia: 2,455 of 1,922. Includes 'the efforts of young children and extremely poor spellers'; mostly non-words, some real-word errors","word pairs (target, misspelling)","Download page text; files missp.dat, holbrook-missp.dat, aspell.dat, wikipedia.dat",No licence stated on the download page (OTA terms not checked: the OTA site timed out); lists of pairs without context (except holbrook); not diagnosed dyslexia,The spelling-error (channel) model of the physical spell checker is learned from these real misspellings (training target words only),medium,"Real misspellings of native English writers, many poor spellers; not pen-recognised letters","Train the error model on real misspellings, split by target word; use the error rates as the writer's prior",2026-09-29,WebSearch 'Birkbeck spelling error corpus Oxford Text Archive licence'; curl titan.dcs.bbk.ac.uk/~roger/corpora.html and the .dat files,EML,
EML-86,"Real misspellings in running text by poor spellers (Holbrook, tagged)","Holbrook D. English for the Rejected. Cambridge University Press, 1964; passages tagged with every misspelling and its target by R. Mitton (holbrook-tagged.dat)",1964,https://titan.dcs.bbk.ac.uk/~roger/holbrook-tagged.dat,dataset,physical human study (children's writing),full text (data file),Free writing (and some copying) of secondary-school children in their next-to-last school year; misspellings tagged <ERR targ=...>,19 children (named sections),n/a,"25,754 tokens, 2,600 tagged errors; parsed here: 22,618 correctly spelled words and 2,577 misspelled word units (10.2 % of words; per child 3-22 %)",words; error share of words,"holbrook-tagged.dat; parsing ai3/data.py, ai3/stage_spell.py","1960s British schoolchildren of low attainment, not diagnosed dyslexia; licence not stated; the passages are copyright CUP (used for evaluation only, not redistributed)",The only openly downloadable English corpus found with real misspellings IN CONTEXT; used to tune (8 children) and test (11 children) the in-writing detector,medium,"Real misspellings in real sentences; old, British, children; letters known exactly (not recognised)",Set detection thresholds and the writer's error prior on real in-context errors,2026-09-29,curl titan.dcs.bbk.ac.uk/~roger/holbrook-tagged.dat,EML,
EML-87,"How people with dyslexia misspell: error types, real-word errors, first letter","Pedler J. Computer Correction of Real-word Spelling Errors in Dyslexic Text. PhD thesis, Birkbeck, University of London, 2007",2007,https://www.dcs.bbk.ac.uk/site/assets/files/1025/pedler.pdf,thesis,corpus analysis,full text,"Corpus of dyslexic writing: word-processed homework (unchecked), Holbrook compositions, office documents, essays, typing experiment, bulletin boards; errors marked up","Several dyslexic writers (the author's daughter, a dyslexic student, online sources); Holbrook's children as 'likely dyslexic today'",Damerau 1964 (80 % single-error misspellings),"Initial samples: 3,134 words, 636 errors (20 % of words), 577 distinct: simple (one letter) 53 %, multi-letter 39 %, word-boundary 8 %; real-word 17 %; first letter correct 95 %. Whole corpus: 21,524 words, 2,654 errors (12 %), real-word 820 (31 %), word-boundary 152",counts and shares of errors,"s1.2.1-1.2.2, Table 1.1 (p 18-21); s3.1.5, Table 3.1 (p 46)","Small, mixed and partly spell-checked sources; not openly released as a dataset","Realistic error rates for simulated dyslexic writers (12-20 % of words); many errors are multi-letter and 17-31 % are real words, which no letter-level checker can see",high,"English dyslexic writing, the target population",Use 10-20 % misspelled words as the design range; real-word errors need context (right context arrives one word later),2026-09-29,WebSearch 'Pedler dyslexic real-word spelling error corpus download Birkbeck',EML,
EML-88,Noisy-channel spelling correction with generic string-to-string edits,"Brill E, Moore RC. An improved error model for noisy channel spelling correction. Proc. 38th ACL, 2000, pp 286-293",2000,https://aclanthology.org/P00-1037,conference,numerical evaluation on data,full text,"Error model P(s|w) over partitions into edits alpha->beta with context windows; trie over the dictionary; 10,000 common English misspellings, 80/20 split; 200,000-word dictionary",n/a (corpus),Church & Gale weighted Damerau-Levenshtein (CG),1-best 87.0 % (single edits) and 89.5 % (CG) -> 93.6 % (window 3-4) without position; 95.0 % with position (52 % relative error reduction vs CG); with a trigram language model 74 % error reduction vs CG,percentage of misspellings whose correction is ranked first (per type),s5.1 Tables 1-2; s5.2 Figure 1; Conclusions,Typing and cognitive errors of general users; isolated words (left context only with the language model),"The channel model used here (segment edits with one letter of context, dictionary trie, left-context language model)",high,Same algorithmic problem,Model multi-letter edits; search the lexicon with a trie,2026-09-29,curl aclanthology.org/P00-1037.pdf; pdftotext,EML,
EML-89,"The noisy-channel spelling corrector (confusion matrices, prior x channel)","Kernighan MD, Church KW, Gale WA. A spelling correction program based on a noisy channel model. COLING 1990, vol 2, pp 205-210",1990,https://aclanthology.org/C90-2036,conference,numerical evaluation on data,full text,"Candidates within one insertion, deletion, substitution or reversal; P(c) P(t|c) with confusion matrices",3 judges on 564 triples,"no-prior, no-channel and neither",The top-scoring candidate agreed with the majority of three judges in 87 % of the 329 cases where two judges agreed,agreement with judges,Section on evaluation (p 3),"Typos from newswire, one-edit errors only",The prior x channel decision rule of the checker,high,Same problem,Combine a word prior and a learned channel; rank candidates by posterior,2026-09-29,curl aclanthology.org/C90-2036.pdf; pdftotext,EML,
EML-90,Cache language model (personalisation to recent text),"Kuhn R, De Mori R. A cache-based natural language model for speech recognition. IEEE TPAMI 12(6):570-583, 1990",1990,10.1109/34.56193,journal,numerical evaluation on data,bibliographic record only (Crossref); no abstract or text read,A cache component raises the probability of recently used words,n/a,static n-gram,Not read (cited as the origin of the cache idea only),n/a,Crossref record,Only the bibliographic record was opened,The personalisation used in task 3 is a decaying unigram cache plus user bigrams,n/a,Idea only,Adapt the predictor to the user's own words,2026-09-29,api.crossref.org/works/10.1109/34.56193,EML,
EML-91,Public-domain journals as stand-ins for a user's own notes (personalisation test text),"Project Gutenberg eBooks #1026 (Grossmith, The Diary of a Nobody, 1892), #57393 (Thoreau, Journal 01, 1837-1846), #11579 (Scott, Scott's Last Expedition, Volume I, 1913), #2024 (Jerome, Diary of a Pilgrimage, 1891)",1891-1913,https://www.gutenberg.org/ebooks/1026 ; /57393 ; /11579 ; /2024,dataset (texts),text data,full text,"Each journal split in halves: the first half is the user's history, the second is predicted word by word","4 authors (2 tuning, 2 test)",n/a,See the derived row EML-94,words,Project Gutenberg plain-text files,"Old literary diaries, not modern notes; each is one person's recurring vocabulary",The only openly licensed text found that is one person's own running notes,low,Style and vocabulary differ from modern notes,Measure personalisation on the user's own notes in the app (EXP-S14),2026-09-29,gutenberg.org/ebooks/search/?query=scott's last expedition | diary of a nobody | diary of a pilgrimage | journal henry david thoreau,EML,
EML-92,Openly licensed dyslexic spelling-error data (French) and a review of dyslexic error corpora,"Bodard J, Jost C, Uzan G et al. Spelling errors made by people with dyslexia. Language Resources and Evaluation 57:293-322, 2023; data: Bodard J. Corpus DYS (NAKALA 10.34847/nkl.ced0370u) and Annotation des erreurs d'orthographe du corpus 'Corpus DYS' (10.34847/nkl.2ebcg834)",2022-2023,10.1007/s10579-022-09603-6 ; https://doi.org/10.34847/nkl.ced0370u ; https://doi.org/10.34847/nkl.2ebcg834,journal + dataset,corpus analysis,dataset pages (NAKALA) opened; the article only through a search-engine summary (the publisher page needed JavaScript),"78 typed texts by French-speaking people with dyslexia (7 by one adolescent, 71 by adults), every spelling error annotated with target, lemma and type",1 adolescent and adults with dyslexia (numbers not read),n/a,"Corpus DYS licence CC BY-NC-ND 4.0; annotation file (422 kB CSV) CC BY-NC-SA 4.0. The article reviews six studies (English, Spanish, German, French) (search summary)",n/a,NAKALA dataset pages,"French, typed; non-commercial licences; not used for the English models here",The only openly licensed dyslexic spelling-error data found; no openly licensed English dyslexic corpus was found,low,Other language and orthography,An English dyslexic error corpus is a gap: collect one with consent (EXP-S11),2026-09-29,WebSearch 'corpus of spelling errors written by people with dyslexia English dataset download'; curl doi.org/10.34847/...,EML,
HAP-130,Students with learning disabilities using spelling checkers: correction rates and choosing suggestions,"MacArthur CA, Graham S, Haynes JB, DeLaPaz S. Spelling checkers and students with learning disabilities: performance comparisons and impact on spelling. Journal of Special Education 30(1):35-57, 1996",1996,10.1177/002246699603000103,journal,physical human study,abstract only (Crossref; the ASU record),Study 1: 10 spelling checkers on 555 misspellings; Study 2: students correcting their errors with and without a checker,"Study 1: writing of 55 students with LD, grades 5-8; Study 2: 27 students with LD, grades 6-8",no checker,"Corrected 9 % of errors unaided and 37 % with a checker; checkers missed 26 % and 37 % of errors (other real words); the right suggestion offered for about 55 % of identified errors; when offered, students chose it 82 % of the time",share of spelling errors,Abstract,"Abstract only; word processors, not handwriting; 1990s checkers","Anchors the writer-response model of the physical cues: choosing a correct suggestion (0.82), fixing unaided (low)",medium,"Same population; typed, not handwritten",Show the right word; a cue without a suggestion helps less,2026-09-29,WebSearch 'MacArthur Graham Haynes DeLaPaz 1996 spelling checkers'; api.crossref.org/works/10.1177/002246699603000103,HAP,
HAP-131,Vibrotactile detection during active hand movement (movement-related gating),"Yildiz MZ, Toker I, Ozkan FB, Guclu B. Effects of passive and active movement on vibrotactile detection thresholds of the Pacinian channel and forward masking. Somatosensory & Motor Research 32(4):262-272, 2015",2015,10.3109/08990220.2015.1091771 ; PMID 26443938,journal,physical human study,abstract only (PubMed),"250 Hz vibration at the middle fingertip; 2-interval forced choice; hand still, moved passively or actively at 10-20 or 50-60 cm/s",10 healthy adults,hand still,Both passive and active movement raised thresholds (gating) at 50-60 cm/s; no significant change at 10-20 cm/s; active movement may gate less,detection threshold,Abstract,"Abstract only; fingertip shaker, not a pen LRA; speeds far above writing","Handwriting moves at about 3 cm/s (LIT CON-20), below the slow condition: a clear LRA tick while writing should not be masked by the movement",medium,Same receptors; different stimulus site and device,"Assume a tick is noticed most of the time (0.9 nominal, 0.75 low); measure it (EXP-S13)",2026-09-29,WebSearch 'movement-related gating tactile detection threshold during active finger movement'; eutils efetch PMID 26443938,HAP,
HAP-132,Word prediction for students with severe spelling problems (handwriting vs word prediction),"MacArthur CA. Word prediction for students with severe spelling problems. Learning Disability Quarterly 22(3):158-172, 1999",1999,10.2307/1511283,journal,physical human study,abstract only (Crossref),"Daily journal writing alternating handwriting, word processing and word prediction with speech synthesis; then a task demanding larger vocabulary",3 students with severe spelling problems,"handwriting, word processing","Journal writing: no legibility difference, only one student spelled more words correctly with prediction; larger-vocabulary task: legibility and spelling improved for 2 of 3; students wrote 2-3 times slower with word prediction than by hand; prediction demanded attention and correct initial letters","words spelled correctly, legibility, speed",Abstract,n = 3; abstract only; typed prediction,"Prediction's value for poor spellers is spelling, not speed; it needs correct first letters (so spelling-tolerant completion matters)",medium,"Same population, other medium",Offer completions sparingly (confidence threshold); tolerate misspelled starts,2026-09-29,WebSearch 'MacArthur 1999 Word prediction for students with severe spelling problems'; api.crossref.org/works/10.2307/1511283,HAP,
HAP-133,A real-word spellchecker for dyslexia and its user study (detection only vs suggestions),"Rello L, Ballesteros M, Bigham JP. A spellchecker for dyslexia. ASSETS 2015, pp 39-47",2015,10.1145/2700648.2809850 ; https://www.cs.cmu.edu/~jbigham/pubs/pdfs/2015/realcheck.pdf,conference,physical human study,full text,Real Check (language model + dependency parser + Google n-grams) for Spanish real-word errors; 37 sentences written by people with dyslexia corrected under None / Error detection only / Error suggestions,34 adults (17 with dyslexia),no help; common spellcheckers,"17 % (English) and 21 % (Spanish) of dyslexic errors are real-word errors; people with dyslexia: writing accuracy 78.05 % (none) -> 89.83 % (detection only) -> 93.01 % (suggestions); correcting time 11.97 -> 15.44 -> 10.03 s; Pedler's English real-word detection recall 31.1 % / 23.4 %, precision 83.3 % / 77.2 %",% sentences correct; seconds,Abstract; s1; s2.2; Table 2,"Spanish; typed sentences in a correction task, not writing",Marking WHERE the error is already helps; suggestions help more and save time,medium,"Same population, other language and medium",A cue on the suspect letter plus the suggestion in the app; real-word errors need context,2026-09-29,WebSearch 'Rello Ballesteros Bigham 2015 A Spellchecker for Dyslexia'; curl cs.cmu.edu/~jbigham/pubs/pdfs/2015/realcheck.pdf,HAP,
EML-95,"Sensor-pen handwriting recognition datasets (OnHW, Fraunhofer IIS): availability, content and terms","Fraunhofer IIS. Online Handwriting Recognition from Sensor-Enhanced Pens (OnHW datasets and publications), project page; README for the sequence-to-sequence and character-based OnHW datasets (Ott et al.)",2020-2022 (page accessed 2026),https://www.iis.fraunhofer.de/de/ff/lv/dataanalytics/anwproj/schreibtrainer/onhw-dataset.html ; https://www2.iis.fraunhofer.de/LV-OnHW/README.pdf,dataset documentation,dataset description,full text (project page and README; data not downloaded),"STABILO DigiPen (two accelerometers, gyroscope, magnetometer, force) streamed to a tablet; single characters (OnHW-chars), words (OnHW-words500), equations; writer-dependent and writer-independent 5-fold splits","OnHW-chars: 119 writers, 31,275 upper- and lower-case letters (search summary of the ACM IMWUT 2020 paper; the page says the download is 895 MB)",n/a,Sensor data at 100 Hz; the 'Millis' timestamp is when the data were processed on the connected tablet; 'Only right-handed recordings are released' while files marked _L (left-handed writers) are also listed; writers could choose print or cursive; no licence or terms of use stated on the page or in the README,IMU and force time series; per-character and per-word labels,"Project page sections 'The OnHW-chars Dataset', 'Sensor Data', downloads list; README.pdf","No stated licence: not used here; IMU signals, not page positions, so the task-1 model (pen-path input) cannot use them directly; not tremor or dyslexia data",Candidate benchmark for the pen's own IMU-based recogniser and for writer-disjoint CER/WER (review R15),medium,"A real sensor pen on paper, but a different sensor set and no patients",Ask Fraunhofer IIS for terms before any use; record our own pen's data with a clear licence (EXP-S17),2026-09-29,WebSearch 'OnHW dataset Fraunhofer IIS online handwriting sensor-enhanced pen download licence'; curl of the project page (de) and README.pdf,EML,
EML-96,Calibrating the confidence of a combined model: temperature scaling,"Guo C, Pleiss G, Sun Y, Weinberger KQ. On Calibration of Modern Neural Networks. ICML 2017 (PMLR 70:1321-1330); arXiv:1706.04599",2017,https://arxiv.org/abs/1706.04599,journal/conference paper,machine-learning methods,abstract,Post-hoc calibration methods on image and document classifiers,n/a,"histogram binning, isotonic regression, Platt scaling variants","Modern networks are poorly calibrated; on most data sets temperature scaling, a one-parameter variant of Platt scaling, is 'surprisingly effective'","expected calibration error, NLL",Abstract,Abstract only; calibration on one distribution does not guarantee it under a shift of writers or devices (review R18),The spelling checker's combined P(misspelled) is calibrated by temperature scaling on the tuning children (rule W2) and checked on test children,medium,"General method; our model is a noisy-channel combination, not a deep classifier","Calibrate after combining the recognition, language and error models; re-check per user and device",2026-09-29,arxiv.org/abs/1706.04599,EML,
CON-90,"Recognising letters while they are written, on real handwriting",This ledger's calculation: ai3 task 1 (streaming GRU on UJI Pen Characters v2; Character Trajectories cross-test),2026,results/ai3/ai3.json (online),derived calculation,calculation,full text,"34 training, 6 tuning, 20 test writers (UJI); rules O1-O4 fixed before the test",none (public recordings of 60 + 1 writers),writer-independent vs writer-calibrated,"test top-1 at 50 % / 100 % of the letter: 0.521 / 0.820 (new writers), 0.597 / 0.859 with the writer's calibration letters; Character Trajectories 0.401; 114842 parameters, 0.19 ms per point on this CPU",top-1 accuracy; ms,ai3.json online,Isolated letters on a tablet; timing assumed for UJI,How early the pen can know which letter is being written,medium,"Real handwriting, but isolated letters on a tablet",Calibrate the recogniser on the user's letters,2026-09-29,n/a (derived),CON,
CON-91,Why close tracing makes letters less readable,"This ledger's simulation: ai3 task 4a on the drive study's HW1-D runs (test writers 0-5, seeds 200-203)",2026,results/ai3/ai3.json (trace),derived simulation,numerical simulation,full text,"Per-letter completeness, backtracking and counterfactual readings of the guided ink",none (synthetic learners),no guidance,"heel wheel + nose: ink 68 um from the target, letters read by the app's order-sensitive reader 0.785 (none 0.923); by an order-free picture reader 0.718 (none 0.696); 123 letters newly misread by the app's reader, 60 of them by both; share of the target letter left undrawn 0.042 (none 0.020)",shares of letters; um,ai3.json trace,"Synthetic learners, passive hand, the app's template recogniser",Shape assist must not collapse ink onto the nearest part of the model letter,low,Model-to-model,"Progress-aligned correspondence, small limits, completeness metric",2026-09-29,n/a (derived),CON,
CON-92,Shape assist on real handwriting with the nose (HW1),"This ledger's simulation: ai3 task 4b (UJI test writers' letters in words, HW1 closed loop, independent offline reader)",2026,results/ai3/ai3.json (shape),derived simulation,numerical simulation,full text,Recognised-letter shape assist toward the writer's own letter; rules A1 fixed on tuning writers,"none (20 test writers' real letters, simulated hand)",no assist,letters read with 1 mm 8 Hz tremor 0.414 -> 0.419; warped 0.557 -> 0.553; clean writing moved 23.5 um,share of letters read by the judge; um,ai3.json shape,Simulated hand and tremor; one tablet dataset; the judge is a model,What shape assist can do,low,Simulation,See docs/spelling_and_clarity.md,2026-09-29,n/a (derived),CON,
EML-93,Detecting a misspelling while the word is written (noisy channel on real misspellings),This ledger's calculation: ai3 task 2 (channel from Birkbeck training targets; Holbrook tuning/test children),2026,results/ai3/ai3.json (spell),derived calculation,calculation,full text,Letter-by-letter posterior of a deviation; thresholds by rules S2-S3 on tuning children,none (11 test children's real writing),lexicon-only earliest point,"caught 0.630 of 1879 errors, 2.34 false alarms per 100 correct words; flag on the first wrong letter 0.42 of caught errors; right word in the top 3 0.77",shares; per 100 words,ai3.json spell,Letters known exactly unless stated; 1960s children,What a physical spell checker can catch and when,medium,Real errors in real text; recognition simplified,See docs/spelling_and_clarity.md,2026-09-29,n/a (derived),EML,
EML-94,Personalised word prediction on one person's own running text,This ledger's calculation: ai3 task 3 (cache + user bigram on NG0/NG1x; public-domain journals),2026,results/ai3/ai3.json (predict),derived calculation,calculation,full text,Online adaptation on each journal's first half; rules P1-P2 on tuning journals,none (2 test journals),NG0 and NG1x without personalisation,"journal 11579: next word top-3 0.196 -> 0.241, after 1 letter 0.457 -> 0.556, letters saved (top-3) 0.498, p95 latency 3.0 ms; journal 2024: next word top-3 0.197 -> 0.221, after 1 letter 0.474 -> 0.517, letters saved (top-3) 0.456, p95 latency 2.2 ms",top-k accuracy; letters saved; ms,ai3.json predict,Old journals stand in for notes,REQ-APP-003,low,Text domain,See docs/spelling_and_clarity.md,2026-09-29,n/a (derived),EML,
HAP-134,"Physical feedback for spelling while writing: tick, pen lift, show-me, heel steer (simulated)","This ledger's simulation: ai3 task 2 cue comparison (Holbrook test children's words; assumed responses anchored in HAP-130, HAP-131, HAP-133)",2026,results/ai3/ai3.json (cues),derived simulation,numerical simulation,full text,Monte Carlo of writer responses to each cue; rule S4 on tuning children,none,no cue; the app afterwards,"none: fixed on paper 0.0/10, false cues 0.0/100 correct, time +0 %, mid-word cues 0.0/100 words, lists read 0.0/100 words; app_after: fixed on paper 0.0/10, false cues 2.3/100 correct, time +5 %, mid-word cues 0.0/100 words, lists read 10.1/100 words; tick_after: fixed on paper 2.6/10, false cues 2.3/100 correct, time +16 %, mid-word cues 7.4/100 words, lists read 6.4/100 words; tick_before: fixed on paper 0.0/10, false cues 0.0/100 correct, time +0 %, mid-word cues 0.0/100 words, lists read 0.0/100 words; withhold: fixed on paper 2.3/10, false cues 0.3/100 correct, time +8 %, mid-word cues 4.8/100 words, lists read 4.8/100 words; tick_lift: fixed on paper 3.4/10, false cues 2.3/100 correct, time +15 %, mid-word cues 7.7/100 words, lists read 8.0/100 words; show_me: fixed on paper 2.7/10, false cues 2.3/100 correct, time +9 %, mid-word cues 7.4/100 words, lists read 0.0/100 words; heel_steer: fixed on paper 0.6/10, false cues 1.9/100 correct, time +0 %, mid-word cues 8.3/100 words, lists read 0.0/100 words; pause_offer: fixed on paper 3.0/10, false cues 2.3/100 correct, time +17 %, mid-word cues 0.0/100 words, lists read 6.4/100 words; recommended (rule S4, tuning children): tick_lift",per 10 errors; per 100 correct words; % time,ai3.json cues,Writer responses are ASSUMPTIONS,Which cue to build first,low,Assumed responses,See docs/spelling_and_clarity.md,2026-09-29,n/a (derived),HAP,
EML-97,"Word recognition while writing: character and word error rates, writer- and session-disjoint",This ledger's calculation: ai3 words stage (task 1's causal GRU on words written with real UJI letters of 20 held-out writers; NG1x character model),2026,results/ai3/ai3.json (words),derived simulation,numerical simulation,full text,Letters separated at pen lifts by the demo's rule; rule W1 (LM weight) on 6 tuning writers,"none (20 test writers, both sessions)",with and without the language model; with and without writer calibration from the other session,"CER / WER, new writers, no LM 0.229 / 0.547; with LM (beta 0.75) 0.091 / 0.198; calibrated on the other session, with LM 0.092 / 0.202; segmentation errors 0.028 per letter",character and word error rates,ai3.json words,Words assembled from isolated letters with assumed spacing (print writing); tablet data; no tremor,Review gate G7: raw and corrected CER/WER on held-out people and sessions,medium,Real letters of held-out writers; assembled words,Calibrate per writer; add CTC for joined-up writing (EXP-S17),2026-09-29,n/a (derived),EML,
EML-98,"Spelling help that keeps recognition errors apart from spelling errors, with calibrated confidence",This ledger's calculation: ai3 words stage (the review's score over the recogniser's 3 best readings; Holbrook test children; UJI test writers' real letters),2026,results/ai3/ai3.json (words),derived simulation,numerical simulation,full text,score = lambda_r log P(strokes|x) + log P(w|context) + log P(x|w); temperature scaling; rules W2-W4 on tuning children,none (11 test children's real writing; real letters of 20 held-out writers),uncalibrated combination; letters known exactly (EML-93),"calibrated recogniser. As planned (rule W2: 3 best letter strings, temperature scaling): caught 0.026 at 1.05 false alarms per 100, ECE 0.193 -> 0.334 (failed). Post hoc (W5: + lexicon readings, Platt scaling): caught 0.275 of misspellings at 2.26 false alarms per 100 correct words; shown suggestions right 0.79; misread words put right 0.72, right readings changed 0.052; unusual correct words kept 0.95; ECE 0.081 -> 0.035; auto mode: 0.0 errors fixed per 100, 0.00 correct words changed per 100",shares; per 100 words; expected calibration error,ai3.json words,W5 was designed after W2's test result (post hoc); recognition simulated with real letters of other writers than the children; 1960s texts,"Review section 10: combine recognition, context and error model; abstain when weak",medium,"Real errors and real letters, combined in simulation",See docs/spelling_and_clarity.md,2026-09-29,n/a (derived),EML,
CON-93,Writing an accepted word with a reach-limited nib while the hand advances,"This ledger's simulation: ai3 plan stage (completions from held-out sentences, the UJI test writers' own letters at 3 mm x-height; kinematic planner, rule C1)",2026,results/ai3/ai3.json (plan),derived simulation,numerical simulation,full text,"q = r(s) - b(t) kept within the usable reach; letter admission; slow, lift, hand back",none,"stage radius 1-6 mm; hand steady, slow, fast, pausing, still","completed with a steady hand: 0.95 at +-6 mm, 0.23 at +-4 mm, 0.04 at +-3 mm, 0.00 at +-1 mm; still hand at +-6 mm 0.02; half letters left with letter admission 8 per 100 (pausing hand) vs 58 point by point",shares of completions; per 100 completions,ai3.json plan,Kinematics only; the hand's advance is assumed; tracking error inside a 0.5 mm reserve,"Review section 10: the workspace, not the prediction, limits physical completion",low,Simulation,Complete physically only with >= +-4-6 mm reach at a 3 mm x-height and a moving hand; letter admission,2026-09-29,n/a (derived),CON,
