cue,metric,nominal,low,high
none,fixed_on_paper_per_10_errors,0,0,0
app_after,fixed_on_paper_per_10_errors,0,0,0
tick_after,fixed_on_paper_per_10_errors,2.58222,1.37813,3.40261
tick_before,fixed_on_paper_per_10_errors,0,0,0
withhold,fixed_on_paper_per_10_errors,2.33741,1.84726,2.71527
tick_lift,fixed_on_paper_per_10_errors,3.4074,2.41325,4.1248
show_me,fixed_on_paper_per_10_errors,2.74454,1.45556,3.95902
heel_steer,fixed_on_paper_per_10_errors,0.588877,0.243481,0.953699
pause_offer,fixed_on_paper_per_10_errors,2.95051,1.57185,3.95556
none,false_interventions_per_100_correct,0,0,0
app_after,false_interventions_per_100_correct,2.34439,2.34439,2.34439
tick_after,false_interventions_per_100_correct,2.34439,2.34439,2.34439
tick_before,false_interventions_per_100_correct,0,0,0
withhold,false_interventions_per_100_correct,0.302238,0.302238,0.302238
tick_lift,false_interventions_per_100_correct,2.34439,2.34439,2.34439
show_me,false_interventions_per_100_correct,2.34439,2.34439,2.34439
heel_steer,false_interventions_per_100_correct,1.91145,1.91145,1.91145
pause_offer,false_interventions_per_100_correct,2.34439,2.34439,2.34439
none,extra_time_pct,0,0,0
app_after,extra_time_pct,4.89087,4.89087,4.89087
tick_after,extra_time_pct,15.5097,10.1308,19.7575
tick_before,extra_time_pct,0,0,0
withhold,extra_time_pct,7.83174,7.706,7.92867
tick_lift,extra_time_pct,15.1397,12.5422,17.1857
show_me,extra_time_pct,9.04562,6.29483,11.4275
heel_steer,extra_time_pct,0,0,0
pause_offer,extra_time_pct,16.9111,10.8761,21.7269
