id,requirement_id,experiment_id,metric,threshold,direction,basis,status,decision_gated
AC-BB01-01,,EXP-BB01,Ten minutes at 8 kSPS with every channel of the rig enabled: CRC errors and missing frames in session.json stats (rig.logger),both met (0 CRC errors; 0 missing frames),pass/fail,docs/measurement_rig.md s1.3 bring-up step 3; SIM: the parser rejects every corrupted frame (rig.selftest),derived,every rig verdict (one clock)
AC-BB01-02,,EXP-BB01,"Input-referred noise of each ADS131M08 channel at PGA 128, inputs shorted, 4 kSPS, RMS over 60 s",2.4 uV,<=,"2 x the manufacturer's 1.20 uV RMS at 4 kSPS and gain 128 (MFR AMF-221/222, Table 7-1); the factor 2 for layout and excitation noise is PROPOSED",hypothesis,the force-channel budgets of rig.uncertainty
AC-BB01-03,,EXP-BB01,"Mapping of a device clock onto DAQ-1's by the coded sync pulse (loop-back sync out to DUT in, then the five-bar controller): largest residual of rig.sync.fit_clock over >= 10 min",50 us,<=,bench_protocols.md s0.4 alignment requirement; SIM 6 us with 20 ppm drift (rig.selftest),derived,any record that combines DAQ-1 with another clock
AC-BB01-04,,EXP-BB01,Quadrature loop-back from a signal generator into each encoder input at 0.5 M counts/s (LM13 13B at 100 mm/s is about 0.41 M counts/s): counts lost over 10^6 counts,0,=,PROPOSED; LM13 13B resolution about 0.244 um (MFR OPT-89),hypothesis,"encoder truth of R9, R10 and the five-bar"
AC-BB01-05,,EXP-BB01,"Current output chain (12-bit PWM, RC filter, current amplifier) into R9's voice coil: 10-90 % step time and DC error at 0.1-0.5 A (both)",both met (<= 2 ms; <= 1 % of full scale),pass/fail,PROPOSED: F_c ramps of EXP-T02 and the reversal steps of EXP-T07 need ms settling,hypothesis,EXP-T02 ramp lines; EXP-T07 current steps
AC-BB02-01,,EXP-BB02,"First mode of the plate stack on the bed (K3D40, platen, underlay, paper) by tap test, lowest over the three underlays",100 Hz,>=,DEC-058's falsifier (a plate mode below 100 Hz); CALC 151 Hz (+-2 N) and 338 Hz (+-10 N) without the sensor's own top mass (results/rig/cad/rig_contact_summary.json),derived,DEC-058; validity of EXP-T01's ripple and EXP-T03
AC-BB02-02,,EXP-BB02,Head speed during EXP-T01 strokes with the 190 g head at 3-100 mm/s: fraction of each steady window within +-20 % of its median speed (rig.contact.analyse_stroke's rule),95 %,>=,the analysis's steady-window rule; the CORE One page gives no payload or speed accuracy (MFR AMF-231); 95 % PROPOSED,hypothesis,EXP-T01 validity; the printer frame as motion source (DEC-058)
AC-BB02-03,,EXP-BB02,"In-situ plate calibration at the test angle (rig.calib.fit_plate): residual RMS per axis over the calibration loads, as a share of full scale",0.2 %,<=,relative linearity error 0.2 % FS (MFR AMF-224),hypothesis,AC-T01-02's uncertainty budget
AC-BB02-04,,EXP-BB02,Axial stiffness of the leaf-guided cartridge fitted with the refill off the paper (rig.calib.fit_guide_stiffness),17.9-33.3 N/m,within,CALC 25.6 N/m +-30 % (results/rig/cad/rig_contact_summary.json; E 200 GPa ASSUMPTION),hypothesis,the guide-force correction of F_c in EXP-T01/T02
AC-BB03-01,,EXP-BB03,"Axial stiffness of the etched 301 four-beam anchor alone (hub pushed 0-100 um in 10 um steps, force by a >= 1 mg balance), as a ratio to 4 E w t^3 / L^3 with the coupon's measured thickness and beam width",0.85-1.15,within,CALC 76.6 N/m at 35 um x 0.5 mm x 6 mm (results/improvement/mechanics/cad_summary.json; E 193 GPa ASSUMPTION); a 1 um thickness error moves it 8.6 % (bench_calcs.json); 15 % PROPOSED,hypothesis,the anchor model of revk/feasibility.py (wire tension at the stop)
AC-BB03-02,,EXP-BB03,Total axial stiffness of the anchor with its flexible interconnect and terminations as assembled,80-120 N/m,within,the pass's target range (cad_summary.json: nominal 100 N/m including about 23.4 N/m for the cable); the Goodman factor 1.70 was computed with 120 N/m at the worst corner,derived,DEC-072 (the reach candidate's wire fatigue margin)
AC-BB03-03,REQ-BNIB-007,EXP-BB03,Axial tension on the eight wires after assembly: the anchor hub's offset from its free position (microscope) times the measured stiffness,5 mN,<=,assembly_tension_max 0.005 N in the reach candidate's fatigue screen (results/improvement/mechanics/mechanics_study.json),derived,DEC-072; EXP-BB04's Goodman factor
AC-BB04-01,REQ-RVK-004,EXP-BB04,"Resistance of each lead of the reach candidate (two 0.10 mm x 34 mm C17200 wires in parallel, clamp to clamp, 4-wire, 20 C), before and after the cycling of AC-BB04-02",0.3 ohm,<=,"REQ-RVK-004; CALC 0.339 ohm per wire, 0.17 ohm per lead (mechanics_study.json, 22 % IACS as MFR AMF-251)",requirement,DEC-072
AC-BB04-02,REQ-BNIB-007,EXP-BB04,"Cycles at the 1.7 mm stop with the anchor at 80-120 N/m, each wire carrying 0.1 A, at least 3 coupons per clamp type, drive at no more than 0.2 x the coupon's measured first mode: an open circuit or a > 2 % resistance step counts as failure",no failure in 43.2 M cycles,pass/fail,"REQ-BNIB-007's life and REQ-RVK-004's 0.1 A; CALC Goodman 1.70 at the worst corner (Kt 2.5, 120 N/m, 5 mN)",derived,DEC-072 (the reach candidate)
AC-BB04-03,REQ-BNIB-007,EXP-BB04,Goodman safety factor at the 1.7 mm stop with the clamp's measured stress concentration and the measured assembly tension,1.5,>=,REQ-BNIB-007; CALC 1.696 at the worst corner (mechanics_study.json),requirement,DEC-072
AC-BB04-04,,EXP-BB04,"Rise of a wire above its clamps at 0.16 A continuous by 4-wire resistance thermometry (the wire's resistance coefficient calibrated in the printer chamber at 20-50 C), as a ratio to dT0 = I^2 rho L^2 / (8 kappa A^2)",0.75-1.25,within,CALC 45 K at 0.160 A (wire_continuous_rms_current_A in mechanics_study.json; 105 W/mK is Materion's rod value used as an ASSUMPTION for a 0.10 mm wire),hypothesis,the wire-heat limit of the duty screen
AC-BB04-05,,EXP-BB04,"Validity of every fatigue run on wire coupons (EXP-BB04, K21, B25): drive frequency divided by the first transverse mode measured on that coupon",0.2,<=,"CALC: at 200 Hz the clamp stress of a 34 mm wire rises about 90 % over quasi-static, of a 26.8 mm wire 12-33 %; at 0.2 x f1 about 7 % (results/benchbuild/bench_calcs.json); DEC-098 (proposed)",derived,"validity of AC-BB04-02/03, AC-K21-02/04 and AC-B25-01"
AC-BB05-01,,EXP-BB05,"Rolling drag of the reach candidate's full-ring guide (15.1 mm ball circle, 2 x 6 Si3N4 0.8 mm balls, lapped 440C races) at the 4 N design preload and the 35 deg couple, swept +-1.5 mm at 8 Hz; drag from the forward/return half-difference on a 10 g cell",5.6-10.5 mN,within,CALC 8.07 mN +-30 % (rolling coefficient 0.001 ASSUMPTION; docs/mechanics_improvement_audit.md),hypothesis,DEC-072's duty re-run (DEC-096)
AC-BB05-02,REQ-RVK-003,EXP-BB05,"For each guide (Rev K's and the reach candidate's), preload stepped 1, 2, 3, 4 N: at the lowest preload whose carrier tilt under the 35 deg couple stays within 0.2 mrad, the drag (both)",both met (tilt <= 0.2 mrad; drag <= 5 mN),pass/fail,REQ-RVK-003's tilt line; DEC-063's 5 mN trigger (AC-K20-01); the pass calculates 8.07 mN at 4 N,derived,DEC-063 (the preload); DEC-072
AC-BB05-03,,EXP-BB05,"Marks on a bare Ti-6Al-4V flange face after the EXP-K20 drop series, against a flange with 440C race inserts (profilometer)",none,pass/fail,CALC Hertz 2.64 GPa on the flange face (mechanics audit) against Ti-6Al-4V yield 0.91-1.11 GPa (LIT AMF-20): indentation expected (ASSUMPTION),hypothesis,the flange's material (hardened race inserts or not)
AC-BB06-01,,EXP-BB06,Endpoint position from the two 14-bit output encoders through forward kinematics (link lengths and encoder offsets fitted on 20 poses) against camera dot-grid truth on 35 other poses over the 60 x 40 mm patch,50 um RMS,<=,PROPOSED: a third of the 150 um position tube of the pass's observer study; CALC quantisation 8 um (bench_calcs.json); SIM 11.6 um RMS in the pipeline check,hypothesis,the rigid-link assumption of wholepen/grounded_replay.py; DEC-071
AC-BB06-02,,EXP-BB06,"Continuous force at a clamped pen holder with both motors at rated current (K3D40 +-10 N), lowest over 8 directions at 9 poses",0.40 N,>=,the controller's 0.4 N cap; CALC minimum 0.480 N over the sampled patch (Faulhaber 2224 U 012 SR sheet; 6:1 and 80 % efficiency ASSUMPTION),derived,DEC-071; EXP-BB07
AC-BB06-03,,EXP-BB06,"Stiffness of the linkage at the pen holder with both joints servo-held, lowest over directions and poses; lost motion on reversal reported",4 N/mm,>=,"PROPOSED: 0.1 mm deflection at the 0.4 N cap, the grounded gate's 0.10 mm RMS ink line; the model assumes rigid links",hypothesis,the rigid-link assumption of the grounded replay
AC-BB06-04,,EXP-BB06,"Force cap and release with the holder blocked, at every pose and command: steady endpoint force under the software cap, and the breakaway force of the pen holder's magnetic coupling (both; guarded acceptance)",both met (<= 0.4 N; release between 0.5 and 0.8 N),pass/fail,"the 0.4 N cap is the pass's ASSUMPTION, not a clinical limit; at rated current the linkage can push up to about 1.06 N at the worst pose and direction while its guaranteed disk is 0.48 N (CALC, bench_calcs.json), so a current limit alone cannot enforce 0.4 N: the coupling is the physical backstop; 0.5-0.8 N PROPOSED (DEC-099)",derived,DEC-099; any test of the five-bar with a hand
AC-BB07-01,,EXP-BB07,"The 20 accepted 'se' suffixes of results/improvement/writing/grounded_accepted written on paper by the five-bar with a passive 24 mm dummy pen, no resisting spring, feedforward plus feedback: suffixes meeting the grounded gate from scans (no refusal or stop hit; >= 98 % requested-ink coverage; <= 0.10 mm RMS during requested ink; <= 0.02 mm ink path in air transfer)",18,>=,"SIM 20 of 20 in the rigid, ideal-current-loop model (results/improvement/mechanics/grounded_batch.json); 18 PROPOSED to allow two scan or registration failures",hypothesis,DEC-071 (the grounded route for whole words)
AC-BB07-02,,EXP-BB07,"The same references with 200 and 500 N/m spring hands: ink path laid after the refusal command (scans), largest over the suffixes",0.5 mm,<=,PROPOSED; SIM: 0 of 20 completions and partial erroneous ink during the 200 ms retraction (the pass's unmet interaction target),hypothesis,DEC-071; the lift and refusal design; DEC-099
AC-BB07-03,,EXP-BB07,"Peak tip acceleration and sampled jerk of every suffix from the output encoders (1 kHz) and the camera, with the fraction within 2 m/s^2 and 300 m/s^3",reported for every suffix,pass/fail,SIM: none of the 20 unloaded suffixes met both limits (grounded_derivative_check.json); the limits are the planner's ASSUMPTIONS,derived,the smoothness claim of any grounded writing
AC-BB08-01,,EXP-BB08,"During lifts beyond the sensor's cut-off, occlusions and glossy strips: outages in which the page estimate keeps an absolute position without re-anchoring (silent recoveries), over >= 100 outages",0,=,the causal page model v2 (DEC-070): lost motion stays lost and the absolute anchor is invalid until restored; the old model recovered 2.02 mm from the hidden truth (docs/integration_improvement_audit.md),derived,DEC-070; the accepted-writing supervisor's anchor check
AC-BB08-02,REQ-RVJ-C05,EXP-BB08,"Absolute page position after re-anchoring with the method under test (printed fiducials seen by the camera, or coded paper), 95th percentile over >= 100 lifts of 2 mm and 0.5 s with the pen displaced up to 5 mm",0.1 mm,<=,REQ-RVJ-C05's 0.1 mm budget applied to the re-anchored position,derived,DEC-071 (page registration for accepted writing); REQ-CAP-003
AC-BB08-03,,EXP-BB08,"Lost relative motion during each outage, with its duration and cause",reported for every outage,pass/fail,report; SIM example: 2.02 mm lost over 100 invalid reports at 20 mm/s (docs/integration_improvement_audit.md),derived,the supervisor's outage handling
AC-BB09-01,REQ-CTRL-003,EXP-BB09,"Delay from the plate's normal force crossing 20 mN (truth) to the pen-side contact decision (in-line axial cell; slide Hall), touchdowns and lifts, 99th percentile over >= 200 events at 35, 50 and 75 deg",5 ms,<=,REQ-CTRL-003's 5 ms delay budget applied to the contact channel; the replay studies assumed 20-200 ms lift/lower delays (ai3/run_completion_robustness.py),derived,DEC-070 (the contact model); ink gating by the supervisor
AC-BB09-02,,EXP-BB09,False contact or lift decisions per minute of continuous writing on the six papers (plate truth),0.1,<=,PROPOSED,hypothesis,the contact threshold and its hysteresis
AC-BB09-03,,EXP-BB09,"Command-to-ink-stop time of R9's voice-coil lift (refill retracted 0.5 mm) at 30 mm/s, and ink resumption after the lower command, from scans and the plate",50 ms,<=,PROPOSED; CALC for Rev K's follower lift: ink stops after 43-72 ms (DEC-064); the grounded study's 200 ms retraction left erroneous ink,hypothesis,the lift a refusal needs (DEC-071)
