theta_deg,protrusion_mm,nozzle_clear_rest_mm,nozzle_clear_usable_mm,nozzle_clear_stop_mm,slide_min_mm,slide_max_mm,ball_travel_usable_min_mm,ball_travel_usable_max_mm,sleeve_front_clear_mm
35.0,13.6713,6.717,2.1923,1.8568,-2.9041,17.4443,6.9936,13.8791,0.246
40.0,11.373,6.2816,2.0926,1.7843,-3.655,12.7758,6.7981,11.7691,0.3896
45.0,9.505,5.7983,1.977,1.6983,-4.2881,9.1355,6.6393,10.2623,0.5303
50.0,7.9341,5.2709,1.8464,1.5993,-4.8374,6.1759,6.5056,9.1452,0.667
55.0,6.5748,4.7033,1.7017,1.4882,-5.3261,3.6869,6.39,8.2948,0.7985
60.0,5.3694,4.1,1.5441,1.3657,-5.7704,1.5335,6.2775,7.6351,0.924
65.0,4.2769,3.4655,1.3747,1.2329,-6.1826,-0.3755,6.1761,7.1172,1.0425
70.0,3.2672,2.8046,1.1949,1.0906,-6.5719,-2.1048,6.0869,6.7084,1.153
75.0,2.3171,2.1223,1.0059,0.9401,-6.9459,-3.7023,6.0069,6.386,1.2548
