design,x_height_mm,tremor_amp_mm,ink_err_um,letters_read,P_coil_W,target_letters_read,plan_failures,cases
revJ,2.5,0.0,29.37895,0.99231,0.0891,1.0,4,24
revJ,2.5,0.3,29.96339,0.99231,0.09588,1.0,12,72
revJ,2.5,1.0,36.1767,0.99231,0.16567,1.0,12,72
revJ,2.5,2.0,60.30439,0.98333,0.37555,1.0,12,72
revJ,3.0,0.0,28.36272,0.99231,0.08811,1.0,4,24
revJ,3.0,0.3,29.13952,0.99231,0.09508,1.0,12,72
revJ,3.0,1.0,36.39314,0.99359,0.16403,1.0,12,72
revJ,3.0,2.0,67.47751,0.9859,0.37013,1.0,12,72
revJ_noaxial,2.5,0.0,58.66221,0.99231,0.11871,1.0,4,24
revJ_noaxial,2.5,0.3,59.03162,0.99231,0.1254,1.0,12,72
revJ_noaxial,2.5,1.0,63.42047,0.99231,0.19297,1.0,12,72
revJ_noaxial,2.5,2.0,79.6514,0.98013,0.38948,1.0,12,72
