population,f_Hz,psd_rel
v2_heldout_1010_1019,0,0.0944191
v2_heldout_1010_1019,0.488281,0.540869
v2_heldout_1010_1019,0.976562,0.672267
v2_heldout_1010_1019,1.46484,0.693316
v2_heldout_1010_1019,1.95312,0.7534
v2_heldout_1010_1019,2.44141,0.818873
v2_heldout_1010_1019,2.92969,0.865577
v2_heldout_1010_1019,3.41797,0.93313
v2_heldout_1010_1019,3.90625,1
v2_heldout_1010_1019,4.39453,0.987056
v2_heldout_1010_1019,4.88281,0.742682
v2_heldout_1010_1019,5.37109,0.49253
v2_heldout_1010_1019,5.85938,0.518575
v2_heldout_1010_1019,6.34766,0.459835
v2_heldout_1010_1019,6.83594,0.474521
v2_heldout_1010_1019,7.32422,0.425662
v2_heldout_1010_1019,7.8125,0.342987
v2_heldout_1010_1019,8.30078,0.299085
v2_heldout_1010_1019,8.78906,0.234199
v2_heldout_1010_1019,9.27734,0.229691
v2_heldout_1010_1019,9.76562,0.267004
v2_heldout_1010_1019,10.2539,0.220717
v2_heldout_1010_1019,10.7422,0.178487
v2_heldout_1010_1019,11.2305,0.115721
v2_heldout_1010_1019,11.7188,0.100082
v2_heldout_1010_1019,12.207,0.106644
v2_heldout_1010_1019,12.6953,0.0952735
v2_heldout_1010_1019,13.1836,0.0875392
v2_heldout_1010_1019,13.6719,0.0954762
v2_heldout_1010_1019,14.1602,0.0903565
v2_heldout_1010_1019,14.6484,0.0796713
v2_heldout_1010_1019,15.1367,0.0675957
v2_heldout_1010_1019,15.625,0.048622
v2_heldout_1010_1019,16.1133,0.0480551
v2_heldout_1010_1019,16.6016,0.0454588
v2_heldout_1010_1019,17.0898,0.0384282
v2_heldout_1010_1019,17.5781,0.0302094
v2_heldout_1010_1019,18.0664,0.0239055
v2_heldout_1010_1019,18.5547,0.0266311
v2_heldout_1010_1019,19.043,0.0203722
v2_heldout_1010_1019,19.5312,0.0136859
v2_heldout_1010_1019,20.0195,0.0113233
v2_heldout_1010_1019,20.5078,0.0111636
v2_heldout_1010_1019,20.9961,0.00837473
v2_heldout_1010_1019,21.4844,0.00502702
v2_heldout_1010_1019,21.9727,0.00467179
v2_heldout_1010_1019,22.4609,0.00361629
v2_heldout_1010_1019,22.9492,0.00306176
v2_heldout_1010_1019,23.4375,0.00271905
v2_heldout_1010_1019,23.9258,0.00215102
v2_heldout_1010_1019,24.4141,0.0016343
v2_heldout_1010_1019,24.9023,0.000964643
v2_heldout_1010_1019,25.3906,0.00062131
v2_heldout_1010_1019,25.8789,0.000613245
v2_heldout_1010_1019,26.3672,0.000586012
v2_heldout_1010_1019,26.8555,0.000503646
v2_heldout_1010_1019,27.3438,0.000348355
v2_heldout_1010_1019,27.832,0.000243305
v2_heldout_1010_1019,28.3203,0.000236304
v2_heldout_1010_1019,28.8086,0.000189777
v2_heldout_1010_1019,29.2969,0.000147782
v2_heldout_1010_1019,29.7852,0.000180186
v2_test_0_5,0,0.111788
v2_test_0_5,0.488281,0.460621
v2_test_0_5,0.976562,0.491421
v2_test_0_5,1.46484,0.586253
v2_test_0_5,1.95312,0.817569
v2_test_0_5,2.44141,0.763322
v2_test_0_5,2.92969,1
v2_test_0_5,3.41797,0.893405
v2_test_0_5,3.90625,0.631446
v2_test_0_5,4.39453,0.511741
v2_test_0_5,4.88281,0.483533
v2_test_0_5,5.37109,0.421293
v2_test_0_5,5.85938,0.403957
v2_test_0_5,6.34766,0.278909
v2_test_0_5,6.83594,0.243369
v2_test_0_5,7.32422,0.231206
v2_test_0_5,7.8125,0.169849
v2_test_0_5,8.30078,0.183301
v2_test_0_5,8.78906,0.155886
v2_test_0_5,9.27734,0.129927
v2_test_0_5,9.76562,0.116074
v2_test_0_5,10.2539,0.117222
v2_test_0_5,10.7422,0.111819
v2_test_0_5,11.2305,0.111931
v2_test_0_5,11.7188,0.113574
v2_test_0_5,12.207,0.106773
v2_test_0_5,12.6953,0.0921258
v2_test_0_5,13.1836,0.0842633
v2_test_0_5,13.6719,0.0823871
v2_test_0_5,14.1602,0.0707489
v2_test_0_5,14.6484,0.056379
v2_test_0_5,15.1367,0.0461243
v2_test_0_5,15.625,0.0426079
v2_test_0_5,16.1133,0.0428802
v2_test_0_5,16.6016,0.032309
v2_test_0_5,17.0898,0.0220775
v2_test_0_5,17.5781,0.017768
v2_test_0_5,18.0664,0.0170337
v2_test_0_5,18.5547,0.0129859
v2_test_0_5,19.043,0.0124493
v2_test_0_5,19.5312,0.00842555
v2_test_0_5,20.0195,0.00698233
v2_test_0_5,20.5078,0.00571027
v2_test_0_5,20.9961,0.00403495
v2_test_0_5,21.4844,0.00263713
v2_test_0_5,21.9727,0.00213493
v2_test_0_5,22.4609,0.00162783
v2_test_0_5,22.9492,0.00157376
v2_test_0_5,23.4375,0.00116434
v2_test_0_5,23.9258,0.000804556
v2_test_0_5,24.4141,0.000652587
v2_test_0_5,24.9023,0.000515044
v2_test_0_5,25.3906,0.000410708
v2_test_0_5,25.8789,0.000301867
v2_test_0_5,26.3672,0.000320456
v2_test_0_5,26.8555,0.000293963
v2_test_0_5,27.3438,0.000249667
v2_test_0_5,27.832,0.000190775
v2_test_0_5,28.3203,0.000164813
v2_test_0_5,28.8086,0.000131698
v2_test_0_5,29.2969,0.000114728
v2_test_0_5,29.7852,0.000107946
v1_test_0_5,0,0.0816157
v1_test_0_5,0.488281,0.365292
v1_test_0_5,0.976562,0.44881
v1_test_0_5,1.46484,0.536976
v1_test_0_5,1.95312,0.741647
v1_test_0_5,2.44141,0.977133
v1_test_0_5,2.92969,0.873488
v1_test_0_5,3.41797,0.755874
v1_test_0_5,3.90625,0.784649
v1_test_0_5,4.39453,1
v1_test_0_5,4.88281,0.94985
v1_test_0_5,5.37109,0.685409
v1_test_0_5,5.85938,0.682821
v1_test_0_5,6.34766,0.62854
v1_test_0_5,6.83594,0.588929
v1_test_0_5,7.32422,0.453629
v1_test_0_5,7.8125,0.373295
v1_test_0_5,8.30078,0.406525
v1_test_0_5,8.78906,0.33279
v1_test_0_5,9.27734,0.419051
v1_test_0_5,9.76562,0.364822
v1_test_0_5,10.2539,0.299683
v1_test_0_5,10.7422,0.244769
v1_test_0_5,11.2305,0.212302
v1_test_0_5,11.7188,0.239556
v1_test_0_5,12.207,0.177645
v1_test_0_5,12.6953,0.121759
v1_test_0_5,13.1836,0.129633
v1_test_0_5,13.6719,0.0951573
v1_test_0_5,14.1602,0.0769958
v1_test_0_5,14.6484,0.0763239
v1_test_0_5,15.1367,0.0710038
v1_test_0_5,15.625,0.057688
v1_test_0_5,16.1133,0.0437416
v1_test_0_5,16.6016,0.0448726
v1_test_0_5,17.0898,0.0434043
v1_test_0_5,17.5781,0.0323639
v1_test_0_5,18.0664,0.0274103
v1_test_0_5,18.5547,0.0244359
v1_test_0_5,19.043,0.0174835
v1_test_0_5,19.5312,0.0115939
v1_test_0_5,20.0195,0.0102582
v1_test_0_5,20.5078,0.00849453
v1_test_0_5,20.9961,0.00554666
v1_test_0_5,21.4844,0.00502365
v1_test_0_5,21.9727,0.00396452
v1_test_0_5,22.4609,0.00257834
v1_test_0_5,22.9492,0.00173327
v1_test_0_5,23.4375,0.00120803
v1_test_0_5,23.9258,0.000961783
v1_test_0_5,24.4141,0.000708448
v1_test_0_5,24.9023,0.00048273
v1_test_0_5,25.3906,0.000379958
v1_test_0_5,25.8789,0.000232158
v1_test_0_5,26.3672,0.000191973
v1_test_0_5,26.8555,0.000123532
v1_test_0_5,27.3438,8.02138e-05
v1_test_0_5,27.832,6.62301e-05
v1_test_0_5,28.3203,4.75937e-05
v1_test_0_5,28.8086,3.38521e-05
v1_test_0_5,29.2969,2.52937e-05
v1_test_0_5,29.7852,2.06017e-05
v1_heldout_1010_1019,0,0.0890357
v1_heldout_1010_1019,0.488281,0.400452
v1_heldout_1010_1019,0.976562,0.469757
v1_heldout_1010_1019,1.46484,0.59398
v1_heldout_1010_1019,1.95312,0.777914
v1_heldout_1010_1019,2.44141,0.885018
v1_heldout_1010_1019,2.92969,1
v1_heldout_1010_1019,3.41797,0.975953
v1_heldout_1010_1019,3.90625,0.808035
v1_heldout_1010_1019,4.39453,0.859851
v1_heldout_1010_1019,4.88281,0.952861
v1_heldout_1010_1019,5.37109,0.970527
v1_heldout_1010_1019,5.85938,0.924656
v1_heldout_1010_1019,6.34766,0.797529
v1_heldout_1010_1019,6.83594,0.776276
v1_heldout_1010_1019,7.32422,0.581358
v1_heldout_1010_1019,7.8125,0.428952
v1_heldout_1010_1019,8.30078,0.40099
v1_heldout_1010_1019,8.78906,0.423506
v1_heldout_1010_1019,9.27734,0.405793
v1_heldout_1010_1019,9.76562,0.412006
v1_heldout_1010_1019,10.2539,0.36305
v1_heldout_1010_1019,10.7422,0.313942
v1_heldout_1010_1019,11.2305,0.271967
v1_heldout_1010_1019,11.7188,0.24359
v1_heldout_1010_1019,12.207,0.217096
v1_heldout_1010_1019,12.6953,0.196778
v1_heldout_1010_1019,13.1836,0.160895
v1_heldout_1010_1019,13.6719,0.137181
v1_heldout_1010_1019,14.1602,0.113036
v1_heldout_1010_1019,14.6484,0.0984927
v1_heldout_1010_1019,15.1367,0.0819313
v1_heldout_1010_1019,15.625,0.0764391
v1_heldout_1010_1019,16.1133,0.0639236
v1_heldout_1010_1019,16.6016,0.0483893
v1_heldout_1010_1019,17.0898,0.045452
v1_heldout_1010_1019,17.5781,0.0482996
v1_heldout_1010_1019,18.0664,0.0378129
v1_heldout_1010_1019,18.5547,0.0258723
v1_heldout_1010_1019,19.043,0.0214272
v1_heldout_1010_1019,19.5312,0.0189516
v1_heldout_1010_1019,20.0195,0.0150672
v1_heldout_1010_1019,20.5078,0.00958636
v1_heldout_1010_1019,20.9961,0.00677009
v1_heldout_1010_1019,21.4844,0.00538051
v1_heldout_1010_1019,21.9727,0.00439606
v1_heldout_1010_1019,22.4609,0.00329132
v1_heldout_1010_1019,22.9492,0.00234605
v1_heldout_1010_1019,23.4375,0.0015159
v1_heldout_1010_1019,23.9258,0.00105055
v1_heldout_1010_1019,24.4141,0.000754068
v1_heldout_1010_1019,24.9023,0.000481488
v1_heldout_1010_1019,25.3906,0.000363387
v1_heldout_1010_1019,25.8789,0.000301939
v1_heldout_1010_1019,26.3672,0.000236677
v1_heldout_1010_1019,26.8555,0.000158841
v1_heldout_1010_1019,27.3438,9.87574e-05
v1_heldout_1010_1019,27.832,6.91504e-05
v1_heldout_1010_1019,28.3203,5.10207e-05
v1_heldout_1010_1019,28.8086,4.12432e-05
v1_heldout_1010_1019,29.2969,3.21076e-05
v1_heldout_1010_1019,29.7852,2.39867e-05
