panel,series,x,y
"Letter size (x-height) along the pangram, mean of writers 0-5 x seeds 200-203","Rev H, functions off",1,5.090589079912455
"Letter size (x-height) along the pangram, mean of writers 0-5 x seeds 200-203","Rev H, functions off",2,5.223678746416779
"Letter size (x-height) along the pangram, mean of writers 0-5 x seeds 200-203","Rev H, functions off",3,5.102910076688734
"Letter size (x-height) along the pangram, mean of writers 0-5 x seeds 200-203","Rev H, functions off",4,4.872704789805238
"Letter size (x-height) along the pangram, mean of writers 0-5 x seeds 200-203","Rev H, functions off",5,5.253455409356104
"Letter size (x-height) along the pangram, mean of writers 0-5 x seeds 200-203","Rev H, functions off",6,4.836463214979919
"Letter size (x-height) along the pangram, mean of writers 0-5 x seeds 200-203","Rev H, functions off",7,5.020870829423855
"Letter size (x-height) along the pangram, mean of writers 0-5 x seeds 200-203","Rev H, functions off",8,4.865257789834187
"Letter size (x-height) along the pangram, mean of writers 0-5 x seeds 200-203","Rev H, functions off",9,4.628384481395012
"Letter size (x-height) along the pangram, mean of writers 0-5 x seeds 200-203","Rev H, functions off",10,4.827030981970018
"Letter size (x-height) along the pangram, mean of writers 0-5 x seeds 200-203","Rev H, functions off",11,5.303285585874319
"Letter size (x-height) along the pangram, mean of writers 0-5 x seeds 200-203","Rev H, functions off",12,5.139394612774589
"Letter size (x-height) along the pangram, mean of writers 0-5 x seeds 200-203","Rev H, functions off",13,5.058707308813866
"Letter size (x-height) along the pangram, mean of writers 0-5 x seeds 200-203","Rev H, functions off",14,4.7512276676408485
"Letter size (x-height) along the pangram, mean of writers 0-5 x seeds 200-203","Rev H, functions off",15,5.188361117689436
"Letter size (x-height) along the pangram, mean of writers 0-5 x seeds 200-203","Rev H, functions off",16,5.543009690999946
"Letter size (x-height) along the pangram, mean of writers 0-5 x seeds 200-203","Rev H, functions off",17,4.441035853271403
"Letter size (x-height) along the pangram, mean of writers 0-5 x seeds 200-203","Rev H, functions off",18,4.847337112518878
"Letter size (x-height) along the pangram, mean of writers 0-5 x seeds 200-203","Rev H, functions off",19,5.0977404021901735
"Letter size (x-height) along the pangram, mean of writers 0-5 x seeds 200-203","Rev H, functions off",20,4.6750503463809245
"Letter size (x-height) along the pangram, mean of writers 0-5 x seeds 200-203","Rev H, functions off",21,4.894535912854308
"Letter size (x-height) along the pangram, mean of writers 0-5 x seeds 200-203","Rev H, functions off",22,4.572344828093976
"Letter size (x-height) along the pangram, mean of writers 0-5 x seeds 200-203","Rev H, functions off",23,4.432054989713377
"Letter size (x-height) along the pangram, mean of writers 0-5 x seeds 200-203","Rev H, functions off",24,4.381705780259755
"Letter size (x-height) along the pangram, mean of writers 0-5 x seeds 200-203","Rev H, functions off",25,4.289900741451748
"Letter size (x-height) along the pangram, mean of writers 0-5 x seeds 200-203","Rev H, functions off",26,4.044836938032945
"Letter size (x-height) along the pangram, mean of writers 0-5 x seeds 200-203","Rev H, functions off",27,4.27979151264693
"Letter size (x-height) along the pangram, mean of writers 0-5 x seeds 200-203","Rev H, functions off",28,4.10937396251451
"Letter size (x-height) along the pangram, mean of writers 0-5 x seeds 200-203","Rev H, functions off",29,3.891865605975477
"Letter size (x-height) along the pangram, mean of writers 0-5 x seeds 200-203","Rev H, functions off",30,4.296395494765963
"Letter size (x-height) along the pangram, mean of writers 0-5 x seeds 200-203","Rev H, functions off",31,4.501760865442361
"Letter size (x-height) along the pangram, mean of writers 0-5 x seeds 200-203","Rev H, functions off",32,4.0235811915546735
"Letter size (x-height) along the pangram, mean of writers 0-5 x seeds 200-203","Rev H, functions off",33,3.996749086456422
"Letter size (x-height) along the pangram, mean of writers 0-5 x seeds 200-203","Rev H, functions off",34,4.244424261028024
"Letter size (x-height) along the pangram, mean of writers 0-5 x seeds 200-203","Rev H, functions off",35,4.186504782392204
"Letter size (x-height) along the pangram, mean of writers 0-5 x seeds 200-203",Vibration cue 'write bigger',1,5.1258980018939075
"Letter size (x-height) along the pangram, mean of writers 0-5 x seeds 200-203",Vibration cue 'write bigger',2,5.214583993926111
"Letter size (x-height) along the pangram, mean of writers 0-5 x seeds 200-203",Vibration cue 'write bigger',3,5.088973481605545
"Letter size (x-height) along the pangram, mean of writers 0-5 x seeds 200-203",Vibration cue 'write bigger',4,4.898535134842057
"Letter size (x-height) along the pangram, mean of writers 0-5 x seeds 200-203",Vibration cue 'write bigger',5,5.258517081558519
"Letter size (x-height) along the pangram, mean of writers 0-5 x seeds 200-203",Vibration cue 'write bigger',6,4.839725472581044
"Letter size (x-height) along the pangram, mean of writers 0-5 x seeds 200-203",Vibration cue 'write bigger',7,5.036864950729188
"Letter size (x-height) along the pangram, mean of writers 0-5 x seeds 200-203",Vibration cue 'write bigger',8,4.875068849266897
"Letter size (x-height) along the pangram, mean of writers 0-5 x seeds 200-203",Vibration cue 'write bigger',9,4.640831660262598
"Letter size (x-height) along the pangram, mean of writers 0-5 x seeds 200-203",Vibration cue 'write bigger',10,4.9126385016718555
"Letter size (x-height) along the pangram, mean of writers 0-5 x seeds 200-203",Vibration cue 'write bigger',11,5.359187941856625
"Letter size (x-height) along the pangram, mean of writers 0-5 x seeds 200-203",Vibration cue 'write bigger',12,5.247323735922843
"Letter size (x-height) along the pangram, mean of writers 0-5 x seeds 200-203",Vibration cue 'write bigger',13,5.2731840461857376
"Letter size (x-height) along the pangram, mean of writers 0-5 x seeds 200-203",Vibration cue 'write bigger',14,4.959529868946812
"Letter size (x-height) along the pangram, mean of writers 0-5 x seeds 200-203",Vibration cue 'write bigger',15,5.494498791843658
"Letter size (x-height) along the pangram, mean of writers 0-5 x seeds 200-203",Vibration cue 'write bigger',16,5.922931237081321
"Letter size (x-height) along the pangram, mean of writers 0-5 x seeds 200-203",Vibration cue 'write bigger',17,4.7491797432381775
"Letter size (x-height) along the pangram, mean of writers 0-5 x seeds 200-203",Vibration cue 'write bigger',18,5.1790544276181505
"Letter size (x-height) along the pangram, mean of writers 0-5 x seeds 200-203",Vibration cue 'write bigger',19,5.531799308297203
"Letter size (x-height) along the pangram, mean of writers 0-5 x seeds 200-203",Vibration cue 'write bigger',20,5.0820098005251175
"Letter size (x-height) along the pangram, mean of writers 0-5 x seeds 200-203",Vibration cue 'write bigger',21,5.461636493526249
"Letter size (x-height) along the pangram, mean of writers 0-5 x seeds 200-203",Vibration cue 'write bigger',22,5.095000463384292
"Letter size (x-height) along the pangram, mean of writers 0-5 x seeds 200-203",Vibration cue 'write bigger',23,4.912671402165413
"Letter size (x-height) along the pangram, mean of writers 0-5 x seeds 200-203",Vibration cue 'write bigger',24,4.911446521183371
"Letter size (x-height) along the pangram, mean of writers 0-5 x seeds 200-203",Vibration cue 'write bigger',25,4.853454384135828
"Letter size (x-height) along the pangram, mean of writers 0-5 x seeds 200-203",Vibration cue 'write bigger',26,4.672216066697131
"Letter size (x-height) along the pangram, mean of writers 0-5 x seeds 200-203",Vibration cue 'write bigger',27,4.992674338237536
"Letter size (x-height) along the pangram, mean of writers 0-5 x seeds 200-203",Vibration cue 'write bigger',28,4.844724992511517
"Letter size (x-height) along the pangram, mean of writers 0-5 x seeds 200-203",Vibration cue 'write bigger',29,4.6263480177098355
"Letter size (x-height) along the pangram, mean of writers 0-5 x seeds 200-203",Vibration cue 'write bigger',30,5.172718372578042
"Letter size (x-height) along the pangram, mean of writers 0-5 x seeds 200-203",Vibration cue 'write bigger',31,5.447990905735284
"Letter size (x-height) along the pangram, mean of writers 0-5 x seeds 200-203",Vibration cue 'write bigger',32,4.905304599697409
"Letter size (x-height) along the pangram, mean of writers 0-5 x seeds 200-203",Vibration cue 'write bigger',33,4.960610589716
"Letter size (x-height) along the pangram, mean of writers 0-5 x seeds 200-203",Vibration cue 'write bigger',34,5.305638605740307
"Letter size (x-height) along the pangram, mean of writers 0-5 x seeds 200-203",Vibration cue 'write bigger',35,5.277480789379997
"Letter size (x-height) along the pangram, mean of writers 0-5 x seeds 200-203",Lines >= 1 cm,1,5.1193795534429665
"Letter size (x-height) along the pangram, mean of writers 0-5 x seeds 200-203",Lines >= 1 cm,2,5.2110029293329445
"Letter size (x-height) along the pangram, mean of writers 0-5 x seeds 200-203",Lines >= 1 cm,3,5.095589723964092
"Letter size (x-height) along the pangram, mean of writers 0-5 x seeds 200-203",Lines >= 1 cm,4,5.023808257660925
"Letter size (x-height) along the pangram, mean of writers 0-5 x seeds 200-203",Lines >= 1 cm,5,5.3647331841609285
"Letter size (x-height) along the pangram, mean of writers 0-5 x seeds 200-203",Lines >= 1 cm,6,4.933154761374321
"Letter size (x-height) along the pangram, mean of writers 0-5 x seeds 200-203",Lines >= 1 cm,7,5.122462069456973
"Letter size (x-height) along the pangram, mean of writers 0-5 x seeds 200-203",Lines >= 1 cm,8,5.075851015569512
"Letter size (x-height) along the pangram, mean of writers 0-5 x seeds 200-203",Lines >= 1 cm,9,4.732112289636086
"Letter size (x-height) along the pangram, mean of writers 0-5 x seeds 200-203",Lines >= 1 cm,10,4.997642622065338
"Letter size (x-height) along the pangram, mean of writers 0-5 x seeds 200-203",Lines >= 1 cm,11,5.4834801368292005
"Letter size (x-height) along the pangram, mean of writers 0-5 x seeds 200-203",Lines >= 1 cm,12,5.343385928278995
"Letter size (x-height) along the pangram, mean of writers 0-5 x seeds 200-203",Lines >= 1 cm,13,5.343830881263113
"Letter size (x-height) along the pangram, mean of writers 0-5 x seeds 200-203",Lines >= 1 cm,14,4.998313038328111
"Letter size (x-height) along the pangram, mean of writers 0-5 x seeds 200-203",Lines >= 1 cm,15,5.444799811891165
"Letter size (x-height) along the pangram, mean of writers 0-5 x seeds 200-203",Lines >= 1 cm,16,5.89404700092302
"Letter size (x-height) along the pangram, mean of writers 0-5 x seeds 200-203",Lines >= 1 cm,17,4.767824288636491
"Letter size (x-height) along the pangram, mean of writers 0-5 x seeds 200-203",Lines >= 1 cm,18,5.193873450448058
"Letter size (x-height) along the pangram, mean of writers 0-5 x seeds 200-203",Lines >= 1 cm,19,5.514847089479486
"Letter size (x-height) along the pangram, mean of writers 0-5 x seeds 200-203",Lines >= 1 cm,20,4.991316829413622
"Letter size (x-height) along the pangram, mean of writers 0-5 x seeds 200-203",Lines >= 1 cm,21,5.304998805159217
"Letter size (x-height) along the pangram, mean of writers 0-5 x seeds 200-203",Lines >= 1 cm,22,5.061254440807278
"Letter size (x-height) along the pangram, mean of writers 0-5 x seeds 200-203",Lines >= 1 cm,23,4.839141947989447
"Letter size (x-height) along the pangram, mean of writers 0-5 x seeds 200-203",Lines >= 1 cm,24,4.848496473276911
"Letter size (x-height) along the pangram, mean of writers 0-5 x seeds 200-203",Lines >= 1 cm,25,4.72283245333599
"Letter size (x-height) along the pangram, mean of writers 0-5 x seeds 200-203",Lines >= 1 cm,26,4.579069857273489
"Letter size (x-height) along the pangram, mean of writers 0-5 x seeds 200-203",Lines >= 1 cm,27,4.802741970923879
"Letter size (x-height) along the pangram, mean of writers 0-5 x seeds 200-203",Lines >= 1 cm,28,4.670796080862526
"Letter size (x-height) along the pangram, mean of writers 0-5 x seeds 200-203",Lines >= 1 cm,29,4.374399113274716
"Letter size (x-height) along the pangram, mean of writers 0-5 x seeds 200-203",Lines >= 1 cm,30,4.876138820109277
"Letter size (x-height) along the pangram, mean of writers 0-5 x seeds 200-203",Lines >= 1 cm,31,5.111113275682847
"Letter size (x-height) along the pangram, mean of writers 0-5 x seeds 200-203",Lines >= 1 cm,32,4.638736574444645
"Letter size (x-height) along the pangram, mean of writers 0-5 x seeds 200-203",Lines >= 1 cm,33,4.662033454617568
"Letter size (x-height) along the pangram, mean of writers 0-5 x seeds 200-203",Lines >= 1 cm,34,4.962592346813259
"Letter size (x-height) along the pangram, mean of writers 0-5 x seeds 200-203",Lines >= 1 cm,35,4.873817647732994
"Letter size (x-height) along the pangram, mean of writers 0-5 x seeds 200-203",Size assist x1.35 (both axes or vertical only: same letter height),1,6.939946573154862
"Letter size (x-height) along the pangram, mean of writers 0-5 x seeds 200-203",Size assist x1.35 (both axes or vertical only: same letter height),2,6.931275574681337
"Letter size (x-height) along the pangram, mean of writers 0-5 x seeds 200-203",Size assist x1.35 (both axes or vertical only: same letter height),3,6.841014470105196
"Letter size (x-height) along the pangram, mean of writers 0-5 x seeds 200-203",Size assist x1.35 (both axes or vertical only: same letter height),4,6.3530933157313925
"Letter size (x-height) along the pangram, mean of writers 0-5 x seeds 200-203",Size assist x1.35 (both axes or vertical only: same letter height),5,7.092818759325468
"Letter size (x-height) along the pangram, mean of writers 0-5 x seeds 200-203",Size assist x1.35 (both axes or vertical only: same letter height),6,6.353076361378253
"Letter size (x-height) along the pangram, mean of writers 0-5 x seeds 200-203",Size assist x1.35 (both axes or vertical only: same letter height),7,6.552214733509213
"Letter size (x-height) along the pangram, mean of writers 0-5 x seeds 200-203",Size assist x1.35 (both axes or vertical only: same letter height),8,6.501599166740441
"Letter size (x-height) along the pangram, mean of writers 0-5 x seeds 200-203",Size assist x1.35 (both axes or vertical only: same letter height),9,6.1436104783949075
"Letter size (x-height) along the pangram, mean of writers 0-5 x seeds 200-203",Size assist x1.35 (both axes or vertical only: same letter height),10,6.4796870645877105
"Letter size (x-height) along the pangram, mean of writers 0-5 x seeds 200-203",Size assist x1.35 (both axes or vertical only: same letter height),11,7.111388828733887
"Letter size (x-height) along the pangram, mean of writers 0-5 x seeds 200-203",Size assist x1.35 (both axes or vertical only: same letter height),12,6.981365789802564
"Letter size (x-height) along the pangram, mean of writers 0-5 x seeds 200-203",Size assist x1.35 (both axes or vertical only: same letter height),13,6.783395667223484
"Letter size (x-height) along the pangram, mean of writers 0-5 x seeds 200-203",Size assist x1.35 (both axes or vertical only: same letter height),14,6.366489129075099
"Letter size (x-height) along the pangram, mean of writers 0-5 x seeds 200-203",Size assist x1.35 (both axes or vertical only: same letter height),15,6.973442974558292
"Letter size (x-height) along the pangram, mean of writers 0-5 x seeds 200-203",Size assist x1.35 (both axes or vertical only: same letter height),16,7.259495522605833
"Letter size (x-height) along the pangram, mean of writers 0-5 x seeds 200-203",Size assist x1.35 (both axes or vertical only: same letter height),17,6.002603838174594
"Letter size (x-height) along the pangram, mean of writers 0-5 x seeds 200-203",Size assist x1.35 (both axes or vertical only: same letter height),18,6.518637733793071
"Letter size (x-height) along the pangram, mean of writers 0-5 x seeds 200-203",Size assist x1.35 (both axes or vertical only: same letter height),19,6.759502975843798
"Letter size (x-height) along the pangram, mean of writers 0-5 x seeds 200-203",Size assist x1.35 (both axes or vertical only: same letter height),20,6.225673855178552
"Letter size (x-height) along the pangram, mean of writers 0-5 x seeds 200-203",Size assist x1.35 (both axes or vertical only: same letter height),21,6.505933926062472
"Letter size (x-height) along the pangram, mean of writers 0-5 x seeds 200-203",Size assist x1.35 (both axes or vertical only: same letter height),22,6.131039153856254
"Letter size (x-height) along the pangram, mean of writers 0-5 x seeds 200-203",Size assist x1.35 (both axes or vertical only: same letter height),23,5.951269022879143
"Letter size (x-height) along the pangram, mean of writers 0-5 x seeds 200-203",Size assist x1.35 (both axes or vertical only: same letter height),24,5.837473449618826
"Letter size (x-height) along the pangram, mean of writers 0-5 x seeds 200-203",Size assist x1.35 (both axes or vertical only: same letter height),25,5.793305632236607
"Letter size (x-height) along the pangram, mean of writers 0-5 x seeds 200-203",Size assist x1.35 (both axes or vertical only: same letter height),26,5.408531541559273
"Letter size (x-height) along the pangram, mean of writers 0-5 x seeds 200-203",Size assist x1.35 (both axes or vertical only: same letter height),27,5.666210152465568
"Letter size (x-height) along the pangram, mean of writers 0-5 x seeds 200-203",Size assist x1.35 (both axes or vertical only: same letter height),28,5.505096000130681
"Letter size (x-height) along the pangram, mean of writers 0-5 x seeds 200-203",Size assist x1.35 (both axes or vertical only: same letter height),29,5.262474330000226
"Letter size (x-height) along the pangram, mean of writers 0-5 x seeds 200-203",Size assist x1.35 (both axes or vertical only: same letter height),30,5.702718942289525
"Letter size (x-height) along the pangram, mean of writers 0-5 x seeds 200-203",Size assist x1.35 (both axes or vertical only: same letter height),31,6.032389357147277
"Letter size (x-height) along the pangram, mean of writers 0-5 x seeds 200-203",Size assist x1.35 (both axes or vertical only: same letter height),32,5.295640653908289
"Letter size (x-height) along the pangram, mean of writers 0-5 x seeds 200-203",Size assist x1.35 (both axes or vertical only: same letter height),33,5.373730301265962
"Letter size (x-height) along the pangram, mean of writers 0-5 x seeds 200-203",Size assist x1.35 (both axes or vertical only: same letter height),34,5.692492174837228
"Letter size (x-height) along the pangram, mean of writers 0-5 x seeds 200-203",Size assist x1.35 (both axes or vertical only: same letter height),35,5.4811730290764125
"Letter size (x-height) along the pangram, mean of writers 0-5 x seeds 200-203","Adaptive size assist, vertical (restores the start size, up to x1.5)",1,5.090589079912455
"Letter size (x-height) along the pangram, mean of writers 0-5 x seeds 200-203","Adaptive size assist, vertical (restores the start size, up to x1.5)",2,5.223678746416779
"Letter size (x-height) along the pangram, mean of writers 0-5 x seeds 200-203","Adaptive size assist, vertical (restores the start size, up to x1.5)",3,5.102910076688734
"Letter size (x-height) along the pangram, mean of writers 0-5 x seeds 200-203","Adaptive size assist, vertical (restores the start size, up to x1.5)",4,4.872704789805238
"Letter size (x-height) along the pangram, mean of writers 0-5 x seeds 200-203","Adaptive size assist, vertical (restores the start size, up to x1.5)",5,5.363823631015549
"Letter size (x-height) along the pangram, mean of writers 0-5 x seeds 200-203","Adaptive size assist, vertical (restores the start size, up to x1.5)",6,5.070822582509481
"Letter size (x-height) along the pangram, mean of writers 0-5 x seeds 200-203","Adaptive size assist, vertical (restores the start size, up to x1.5)",7,5.321949609879625
"Letter size (x-height) along the pangram, mean of writers 0-5 x seeds 200-203","Adaptive size assist, vertical (restores the start size, up to x1.5)",8,5.092877023213436
"Letter size (x-height) along the pangram, mean of writers 0-5 x seeds 200-203","Adaptive size assist, vertical (restores the start size, up to x1.5)",9,4.824888455084023
"Letter size (x-height) along the pangram, mean of writers 0-5 x seeds 200-203","Adaptive size assist, vertical (restores the start size, up to x1.5)",10,5.0786569673201445
"Letter size (x-height) along the pangram, mean of writers 0-5 x seeds 200-203","Adaptive size assist, vertical (restores the start size, up to x1.5)",11,5.635339615170825
"Letter size (x-height) along the pangram, mean of writers 0-5 x seeds 200-203","Adaptive size assist, vertical (restores the start size, up to x1.5)",12,5.508409500146161
"Letter size (x-height) along the pangram, mean of writers 0-5 x seeds 200-203","Adaptive size assist, vertical (restores the start size, up to x1.5)",13,5.40956676787123
"Letter size (x-height) along the pangram, mean of writers 0-5 x seeds 200-203","Adaptive size assist, vertical (restores the start size, up to x1.5)",14,5.117747711269884
"Letter size (x-height) along the pangram, mean of writers 0-5 x seeds 200-203","Adaptive size assist, vertical (restores the start size, up to x1.5)",15,5.602660687048196
"Letter size (x-height) along the pangram, mean of writers 0-5 x seeds 200-203","Adaptive size assist, vertical (restores the start size, up to x1.5)",16,5.994188528424324
"Letter size (x-height) along the pangram, mean of writers 0-5 x seeds 200-203","Adaptive size assist, vertical (restores the start size, up to x1.5)",17,4.8664962821345386
"Letter size (x-height) along the pangram, mean of writers 0-5 x seeds 200-203","Adaptive size assist, vertical (restores the start size, up to x1.5)",18,5.358014138381981
"Letter size (x-height) along the pangram, mean of writers 0-5 x seeds 200-203","Adaptive size assist, vertical (restores the start size, up to x1.5)",19,5.698091575711569
"Letter size (x-height) along the pangram, mean of writers 0-5 x seeds 200-203","Adaptive size assist, vertical (restores the start size, up to x1.5)",20,5.260497628866111
"Letter size (x-height) along the pangram, mean of writers 0-5 x seeds 200-203","Adaptive size assist, vertical (restores the start size, up to x1.5)",21,5.544247500898721
"Letter size (x-height) along the pangram, mean of writers 0-5 x seeds 200-203","Adaptive size assist, vertical (restores the start size, up to x1.5)",22,5.149885039148656
"Letter size (x-height) along the pangram, mean of writers 0-5 x seeds 200-203","Adaptive size assist, vertical (restores the start size, up to x1.5)",23,5.0900541837801425
"Letter size (x-height) along the pangram, mean of writers 0-5 x seeds 200-203","Adaptive size assist, vertical (restores the start size, up to x1.5)",24,5.14617197283952
"Letter size (x-height) along the pangram, mean of writers 0-5 x seeds 200-203","Adaptive size assist, vertical (restores the start size, up to x1.5)",25,5.126678723836796
"Letter size (x-height) along the pangram, mean of writers 0-5 x seeds 200-203","Adaptive size assist, vertical (restores the start size, up to x1.5)",26,4.73441741061094
"Letter size (x-height) along the pangram, mean of writers 0-5 x seeds 200-203","Adaptive size assist, vertical (restores the start size, up to x1.5)",27,5.061806442830135
"Letter size (x-height) along the pangram, mean of writers 0-5 x seeds 200-203","Adaptive size assist, vertical (restores the start size, up to x1.5)",28,4.941594751297386
"Letter size (x-height) along the pangram, mean of writers 0-5 x seeds 200-203","Adaptive size assist, vertical (restores the start size, up to x1.5)",29,4.908123153752177
"Letter size (x-height) along the pangram, mean of writers 0-5 x seeds 200-203","Adaptive size assist, vertical (restores the start size, up to x1.5)",30,5.210388501928258
"Letter size (x-height) along the pangram, mean of writers 0-5 x seeds 200-203","Adaptive size assist, vertical (restores the start size, up to x1.5)",31,5.594114200362303
"Letter size (x-height) along the pangram, mean of writers 0-5 x seeds 200-203","Adaptive size assist, vertical (restores the start size, up to x1.5)",32,4.903253962493955
"Letter size (x-height) along the pangram, mean of writers 0-5 x seeds 200-203","Adaptive size assist, vertical (restores the start size, up to x1.5)",33,5.000301164205648
"Letter size (x-height) along the pangram, mean of writers 0-5 x seeds 200-203","Adaptive size assist, vertical (restores the start size, up to x1.5)",34,5.342330077193792
"Letter size (x-height) along the pangram, mean of writers 0-5 x seeds 200-203","Adaptive size assist, vertical (restores the start size, up to x1.5)",35,5.252807693396714
