device,r_rot,band,further_reduction_pct
lrm,0.3,8-12Hz_1-2mm,7.959640791372578
lrm,0.5,8-12Hz_1-2mm,18.226696073128487
lrm,0.7,8-12Hz_1-2mm,19.506814533027512
lrm,0.3,4-6Hz_all,8.181681392421087
lrm,0.5,4-6Hz_all,11.835490200122594
lrm,0.7,4-6Hz_all,12.489611162418596
cmg,0.3,8-12Hz_1-2mm,10.456206975642669
cmg,0.5,8-12Hz_1-2mm,19.621651359760506
cmg,0.7,8-12Hz_1-2mm,15.16398046224103
cmg,0.3,4-6Hz_all,4.3296598066742025
cmg,0.5,4-6Hz_all,8.260959204516409
cmg,0.7,4-6Hz_all,12.74594972901848
weight_lrm,0.3,8-12Hz_1-2mm,17.15331210571133
weight_lrm,0.5,8-12Hz_1-2mm,12.452707017170745
weight_lrm,0.7,8-12Hz_1-2mm,3.903851978085863
weight_lrm,0.3,4-6Hz_all,2.5704763738942633
weight_lrm,0.5,4-6Hz_all,7.947350998046951
weight_lrm,0.7,4-6Hz_all,14.816330800585783
weight_cmg,0.3,8-12Hz_1-2mm,16.47278853096751
weight_cmg,0.5,8-12Hz_1-2mm,12.564452102490842
weight_cmg,0.7,8-12Hz_1-2mm,5.476863376775288
weight_cmg,0.3,4-6Hz_all,2.0506804733700283
weight_cmg,0.5,4-6Hz_all,6.472066124436178
weight_cmg,0.7,4-6Hz_all,12.47697201305766
