case,r_rot,H_mNms,ratio
massless,0.3,2.970020434848129,1.0007651698182352
massless,0.3,8.910061304544387,1.00153019932356
massless,0.3,29.700204348481286,1.0003448039975649
massless,0.3,89.10061304544386,1.0272160956307734
massless,0.5,2.970020434848129,1.0116201353157444
massless,0.5,8.910061304544387,1.032235557446435
massless,0.5,29.700204348481286,1.0829391214332242
massless,0.5,89.10061304544386,1.0864954946100396
massless,0.7,2.970020434848129,1.0241887504152427
massless,0.7,8.910061304544387,1.057366199520603
massless,0.7,29.700204348481286,1.0856792925318393
massless,0.7,89.10061304544386,1.0925984638697017
design_not_spinning,0.3,0.0,0.9128478289239205
design_spinning,0.3,2.970020434848129,0.9115094155116369
design_not_spinning,0.5,0.0,1.051688822077368
design_spinning,0.5,2.970020434848129,1.0595326771822868
design_not_spinning,0.7,0.0,1.0905223344141546
design_spinning,0.7,2.970020434848129,1.0892427186492961
