id,topic,citation,year,doi_or_url,source_type,evidence_class,access_level,task_or_setup,participants_or_bench,comparator,key_quantitative_findings,units_and_conditions,locator,limitations,relevance_to_design,transferability,transferability_reason,design_implication,retrieved,search_query
HAP-01,1 motor learning / guidance,"Salmoni AW, Schmidt RA, Walter CB (1984) Knowledge of results and motor learning: a review and critical reappraisal. Psychol Bull 95(3):355-386; together with Sigrist R, Rauter G, Riener R, Wolf P (2013) Augmented visual, auditory, haptic, and multimodal feedback in motor learning: a review. Psychon Bull Rev 20(1):21-53",1984; 2013,https://doi.org/10.1037/0033-2909.95.3.355 ; https://doi.org/10.3758/s13423-012-0333-8,review,review,secondary account,"Narrative reviews of augmented feedback (knowledge of results; concurrent/terminal; visual, auditory, haptic, multimodal) and motor learning; source of the 'guidance hypothesis'",n/a (reviews),Performance while feedback/guidance is present vs. unassisted retention/transfer,"No effect sizes extracted. Guidance hypothesis as restated in accessed secondary sources: augmented feedback that guides is beneficial when used to reduce error but detrimental when relied upon (Winstein et al. 1994 abstract, citing Schmidt 1991); physically guiding a movement 'may actually decrease motor learning for some tasks' because it changes task dynamics so 'the task learned is not the target task' (Marchal-Crespo & Reinkensmeyer 2009). Sigrist et al. abstract: most prior studies used simple/artificial tasks with visual feedback; the review elaborates design criteria per modality.",Qualitative; applies to feedback frequency and to physical guidance,"Salmoni: PubMed 6399752 (no abstract available); secondary: Marchal-Crespo & Reinkensmeyer 2009, section 'Assistive controllers'; Sigrist: abstract, PubMed 23132605","Primary texts not accessed (Springer/APA login); Salmoni reviewed knowledge-of-results feedback, not physical or ink-level guidance; Sigrist's detailed moderators (task complexity, skill) could not be verified",Frames the central risk: an always-on correcting nib improves the written trace but can reduce what the writer learns,medium,"The theory is modality-general and the nib acts as concurrent outcome guidance, but no reviewed work concerns an ungrounded ink-displacing tool","Treat correction as a performance aid by default; in any learning mode schedule unassisted trials, fade help, and judge success only by unassisted retention/transfer",2026-09-26,Salmoni Schmidt Walter 1984 knowledge of results and motor learning review critical reappraisal guidance hypothesis Psychological Bulletin | Sigrist Rauter Riener Wolf 2013 augmented visual auditory haptic multimodal feedback motor learning review Psychonomic Bulletin | Europe PMC EXT_ID:23132605
HAP-02,1 motor learning / guidance,"Winstein CJ, Pohl PS, Lewthwaite R (1994) Effects of physical guidance and knowledge of results on motor learning: support for the guidance hypothesis. Res Q Exerc Sport 65(4):316-323",1994,https://doi.org/10.1080/02701367.1994.10607635,journal,physical human study,abstract only,Movements to a target; 2x2 design crossing feedback form (physical guidance vs knowledge of results) with relative frequency (high vs faded); retention and transfer tests,Healthy subjects; N not stated in abstract,Knowledge of results vs physical guidance; high vs faded relative frequency,High-frequency physical guidance produced the poorest retention; both high-frequency feedback conditions produced the least accuracy in transfer (abstract). No effect sizes available.,Retention/transfer accuracy; exact metrics and delays not in abstract,Abstract (PubMed 7886280); cited as guidance-hypothesis evidence in Reinkensmeyer & Patton 2009 (ref. 30) and Milot et al. 2010 (Introduction),Abstract only; simple target movements; guidance moved the limb (not the ink); N and effect sizes unknown,Direct test that frequent physical guidance harms retention and that a faded schedule mitigates it,medium,"Limb guidance vs ink displacement, but the shared mechanism (error removed during practice, reliance on the aid) applies",Learning mode should use faded/reduced relative frequency of correction (assist-off blocks) rather than 100 % correction,2026-09-26,"Europe PMC TITLE:""Effects of physical guidance and knowledge of results on motor learning"" (found via ref. 30 of https://pmc.ncbi.nlm.nih.gov/articles/PMC2905644/)"
HAP-03,1 motor learning / guidance,"Marchal-Crespo L, Reinkensmeyer DJ (2009) Review of control strategies for robotic movement training after neurologic injury. J NeuroEng Rehabil 6:20",2009,https://doi.org/10.1186/1743-0003-6-20,review,review,full text,"Review of assistive (impedance, counterbalance, EMG, adaptive), challenge-based (incl. error amplification), haptic-simulation and coaching controllers",n/a (review of rehabilitation and healthy-subject studies),Assistive vs challenge-based strategies,"Assist-as-needed ('faded guidance') is implemented with a deadband around the trajectory (no assistance inside), force/velocity-triggered assistance, compliance, or a forgetting factor; adaptive law P_i = f*P_(i-1) + g*e_i (P control parameter, e performance error); f = 1 gives no forgetting, 0 < f < 1 reduces assistance whenever error is small. Slacking: incomplete-SCI patients in a stiff impedance-controlled gait robot consumed 60 % less energy than in manually assisted therapy; post-stroke users of a compliant adaptive robot reduced their own force output. Guidance changes task dynamics so the task learned is not the target task. Error amplification (Patton et al.) produced straighter reaching after-effects; long-term benefit unknown.",Energy consumption (%); dimensionless adaptation parameters,"Sections 'Assistive controllers' (introduction; impedance-based assistance; performance-based adaptation, Eq. 1) and 'Challenge-based ... error-amplification strategies'",Mainly rehabilitation evidence; few controlled retention comparisons; 2009 state of the art,"Supplies implementable assist-as-needed mechanics (deadband, forgetting factor) and the slacking risk",medium,"Controllers were for grounded robots moving limbs, but the error-driven gain update with forgetting maps directly to a nib correction-gain schedule","Make correction gain adaptive, e.g., gain_i = f*gain_(i-1) + k*error_i with f < 1 so help decays when the writer is accurate, plus a deadband so natural variability is not corrected (design proposal)",2026-09-26,Marchal-Crespo Reinkensmeyer 2009 review of control strategies for robotic movement training after neurologic injury | https://pmc.ncbi.nlm.nih.gov/articles/PMC2710333/ | Europe PMC fullTextXML PMC2710333
HAP-04,1 motor learning / guidance,"Reinkensmeyer DJ, Patton JL (2009) Can robots help the learning of skilled actions? Exerc Sport Sci Rev 37(1):43-51; incl. Patton JL, Stoykov ME, Kovic M, Mussa-Ivaldi FA (2006) Evaluation of robotic training forces that either enhance or reduce error in chronic hemiparetic stroke survivors. Exp Brain Res 168:368-383 (abstract)",2009 (2006),https://doi.org/10.1097/JES.0b013e3181912108 ; https://doi.org/10.1007/s00221-005-0097-8,review,review,full text,"Review of the authors' lab experiments: robot-guided trajectory learning (curve on a virtual sphere), steering with fixed vs adaptive guidance, force-field adaptation, error augmentation in stroke reaching","Trajectory study: 20 subjects, 126 demonstration and test movements; Patton 2006: 18 chronic stroke survivors, 834 movements, plus age-matched controls",Visual demonstration vs visual + haptic guidance; fixed vs adaptive (fading) guidance; error-enhancing vs error-reducing vs zero forces,"Adding haptic guidance to visual demonstration gave no significant advantage (N = 20) and a nearly significant trend toward worse learning (Fig. 1). In steering, guidance groups performed better and the adaptive (fading) group showed no error increase when guidance was removed. Guidance 'obviates' learning of error-based corrections; the motor system 'slacks' when errors are small. Patton 2006: significant improvement only when training forces magnified the original errors, not when they reduced errors or were zero. Guidance proposed mainly to make practice less dangerous/discouraging (example given: a child with poor coordination learning to write).",Significance-level results; lab tasks,Sections on the guidance hypothesis and steering; 'Using guidance to aid in dynamic adaptation' (Fig. 3); error augmentation (Fig. 4C); Fig. 1; Patton 2006 abstract (PubMed 16249912),Review of own studies; lab tasks; stroke error-augmentation evidence is short-term after-effects; Patton 2006 abstract only,Explains the mechanism (reduced error signal) and gives two levers: performance-based fading and error augmentation,medium,"Whole-arm robotic guidance, but the error-signal mechanism is modality independent and applies to nib correction that removes visible error","Use correction mainly to keep novices/children motivated and out of large errors, fade it with performance, and for proficient users consider error augmentation on top of a small background of help",2026-09-26,"Europe PMC TITLE:""Can robots help the learning of skilled actions"" | https://pmc.ncbi.nlm.nih.gov/articles/PMC2905644/ | Europe PMC TITLE:""Evaluation of robotic training forces that either enhance or reduce error in chronic hemiparetic stroke survivors"""
HAP-05,1 motor learning / guidance,"Heuer H, Lüttgen J (2015) Robot assistance of motor learning: a neuro-cognitive perspective. Neurosci Biobehav Rev 56:222-240",2015,https://doi.org/10.1016/j.neubiorev.2015.07.005,review,review,abstract only,Review classifying learning tasks by products and mechanisms of learning and predicting effects of robot assistance,n/a (review),Haptic guidance vs error-amplifying / divergent force fields across task classes,Robotic guidance facilitates learning of dynamic features of trajectories and impedes learning of kinematic and dynamic transformations; dynamic transformations can profit from error-amplifying forces; learning of spatial features of trajectories is impeded by haptic guidance but can be facilitated by divergent force fields; guidance may induce a passive role of the motor system (abstract).,Qualitative synthesis,Abstract (PubMed 26192105),Abstract only; no pooled effect sizes; force-based assistance only,"Letter shape is a spatial trajectory feature, the class where guidance impedes learning; fluency/timing are dynamic features where it can help",medium,The task classification transfers to handwriting; the assistance modality (grounded forces) differs from ink displacement,"Do not rely on nib correction to teach letter shape; if shape learning is the goal, reveal or amplify errors; reserve guidance-like help for fluency/timing aims",2026-09-26,"Heuer Lüttgen 2015 robot assistance of motor learning a neuro-cognitive perspective Neuroscience Biobehavioral Reviews | Europe PMC TITLE:""Robot assistance of motor learning"" AND AUTH:""Heuer"""
HAP-06,1 motor learning / guidance,"Heuer H, Rapp K (2014) Haptic guidance interferes with learning to make movements at an angle to stimulus direction. Exp Brain Res 232:675-684",2014,https://doi.org/10.1007/s00221-013-3775-y,journal,physical human study,abstract only,Practice of movements at 75 deg relative to target direction with vs without haptic path guidance; test trials without guidance and without visual feedback,Healthy adults; guidance group vs no-guidance control group; N not stated in abstract,No-guidance practice group,"In unguided, no-vision test trials performance was poorer after haptic-guidance practice than after unguided practice, even though guided practice movements were more accurate; guided learners had shorter latencies and an initial movement direction rotated too little, with the correct direction adopted gradually under guidance (abstract).",Direction error and latency; values not in abstract,Abstract (PubMed 24276313),"Abstract only; visuomotor-rotation-like spatial task, not handwriting","Shows the exact failure mode of always-on correction: better assisted accuracy, worse unassisted spatial performance",medium,Grounded path guidance on a spatial task; the 'performance without learning' mechanism applies to a nib that makes the trace correct,Never use assisted accuracy as a learning metric; include unassisted test strokes in any training product,2026-09-26,Lüttgen Heuer 2012 robotic guidance benefits the learning of dynamic but not of spatial movement characteristics (result list) | Europe PMC EXT_ID:24276313 AND SRC:MED
HAP-07,1 motor learning / guidance,"Heuer H, Lüttgen J (2014) Motor learning with fading and growing haptic guidance. Exp Brain Res 232:2229-2242",2014,https://doi.org/10.1007/s00221-014-3914-0,journal,physical human study,abstract only,"Learning a spatio-temporal motor pattern; each practice trial = visual demonstration, guided reproduction, then reproduction without guidance; fading vs growing guidance schedules",N not stated in abstract,Fading vs growing guidance,Learning with fading and growing guidance was largely equivalent; absolute duration errors declined only with fading; relative timing benefited from an immediately preceding haptic demonstration but showed no practice-related improvement under guidance; shape error showed the opposite pattern (abstract).,"Variable duration, relative-timing, path-length and shape errors; values not in abstract",Abstract (PubMed 24736860),"Abstract only; laboratory pattern, not letters; both schedules kept an unguided reproduction in every trial",Supports interleaving assisted and unassisted repetitions; fading is not worse than growing,medium,Schedule logic transfers; assistance modality differs,"Structure learning-mode trials as demonstrate -> assisted stroke -> unassisted stroke, and fade assistance across the session",2026-09-26,Heuer Lüttgen motor learning with fading and growing haptic guidance Experimental Brain Research 2014 | Europe PMC EXT_ID:24736860 AND SRC:MED
HAP-08,1 motor learning / guidance,"Milot M-H, Marchal-Crespo L, Green CS, Cramer SC, Reinkensmeyer DJ (2010) Comparison of error-amplification and haptic-guidance training techniques for learning of a timing-based motor task by healthy individuals. Exp Brain Res 201(2):119-131",2010,https://doi.org/10.1007/s00221-009-2014-z,journal,physical human study,full text,"Pinball-like timing game (wrist movement to press a button at the right time); robot retarded/accelerated the movement from sensed initiation-timing error: haptic guidance (HG) reduced, error amplification (EA) increased errors (gain k changed by +/-90 %); 20 % catch trials with the manipulation removed; retention identical to baseline; generalization to untrained targets","20 healthy right-handed adults (12 F, 8 M), 18-30 y (mean 24.0 +/- 2.7); within-subject, randomized order of EA and HG",Baseline (B3) vs retention after EA and after HG,"Trained targets: EA 13 +/- 7 -> 10 +/- 6 ms (t(18) = 3.06, P = 0.015); HG 13 +/- 6 -> 12 +/- 6 ms (t(18) = 1.96, P = 0.035); no difference between techniques (P = 0.47). More skilled subgroup (n = 13, final k >= 0.1): EA improved retention by 4 +/- 3 ms (P = 0.002) vs HG 1 +/- 4 ms (P = 0.175), between conditions P = 0.015. Less skilled (n = 7): HG 2 +/- 2 ms (P = 0.02) vs EA -0.1 +/- 2 ms (P = 0.5), between P = 0.065.","Absolute timing error (ms), mean +/- SD; immediate retention","Methods (Subjects; Fig. 2 protocol); Results pp. 124-126, Figs. 4-6","Timing, not spatial, task; small subgroups; immediate retention only; skill grouping confounded with EA magnitude (authors' caveat)","Best assistance depends on baseline skill: guidance for low skill, error amplification for higher skill",medium,Grounded wrist robot and timing task; skill dependence is plausibly general but letter learning is spatial,"Choose the mode per user skill (correction for beginners, error-revealing/amplifying for proficient users) and keep ~20 % assist-off catch strokes to maintain engagement and measure unassisted skill",2026-09-26,Milot 2010 comparison of error-amplification and haptic-guidance training techniques timing-based motor task Experimental Brain Research | https://escholarship.org/content/qt3bw664gw/qt3bw664gw.pdf
HAP-09,1 motor learning / guidance,"Williams CK, Tremblay L, Carnahan H (2016) It pays to go off-track: practicing with error-augmenting haptic feedback facilitates learning of a curve-tracing task. Front Psychol 7:2010",2016,https://doi.org/10.3389/fpsyg.2016.02010,journal,physical human study,full text,"Self-paced tracing of a sinusoidal curve with a Phantom Omni stylus (amplitude 155.6 mm, path 392.4 mm at the stylus; visual gain 1.48); 100 practice trials (20 blocks x 5). Error minimization (EM): spring toward curve outside a 0.8 mm deadband, 0.3 N/mm saturating at 1 N; error augmentation (EA): spring away, 0.3 N/mm saturating at 0.3 N. Tests without augmented feedback: immediate retention, ~1 day retention (M = 1.1 d), mirror-reversed transfer","27 adults (24 F, 3 M; 22-55 y, M = 28.5), 9 per group (EM, EA, control)",No-haptic-feedback control group,"Tracing error, group effect: immediate retention F(2,24) = 6.8, p = 0.005, partial eta^2 = 0.36; delayed retention F(2,24) = 4.9, p = 0.017, 0.29; transfer F(2,24) = 5.9, p = 0.008, 0.33. EM less accurate than EA at all three tests (p = 0.006, 0.016, 0.009) and than control at immediate retention (p = 0.021) and transfer (p = 0.042; Games-Howell p = 0.094). Acquisition: EA worst speed-accuracy cost (F(2,23) = 15.4, p < 0.001, 0.57). Speed-accuracy cost at tests: only immediate retention significant (F(2,24) = 4.0, p = 0.031, 0.25). Movement time no group differences (~13 s).","Tracing error (plotted, Fig. 7), ANOVA F, partial eta^2; forces on the hand via grounded device","Methods: Apparatus, Task; Results: acquisition (Figs. 4-6), retention/transfer (Fig. 7); Discussion","Single simple curve; n = 9 per group; no pre-test; EA not better than control; grounded force feedback, not ink correction","Closest analogue to template tracing: error-minimising assistance with a sub-mm deadband left learners less accurate once removed, up to 1 day later",medium,"Spatial path-tracing task like guided writing, but assistance acted on the hand, not on the trace",In learning mode do not minimise visible error by default; an error-revealing (or augmenting) mode is at least as good as none; bound and fade any assistance,2026-09-26,Kim Collins Bulmer Sharma Mayrose Haptics Assisted Training (HAT) system for children's handwriting World Haptics 2013 (result list) | https://www.frontiersin.org/articles/10.3389/fpsyg.2016.02010/full | Europe PMC fullTextXML PMC5183591
HAP-10,2 handwriting guidance,"Bluteau J, Coquillart S, Payan Y, Gentaz E (2008) Haptic guidance improves the visuo-manual tracking of trajectories. PLoS ONE 3(3):e1775",2008,https://doi.org/10.1371/journal.pone.0001775,journal,physical human study,full text,"PHANToM Omni stylus over a flat screen; Exp 1: 2 Arabic + 2 Japanese-inspired unfamiliar letters (20 test trials pre/post); Exp 2: ellipses, test shapes never trained. Three training sessions per participant (Latin square): position guidance HGP (PD spring pulling tip to the next trajectory point; 0.4 N/mm, 0.2 N.s/mm in Exp 1; 0.6 N/mm, 0.2 N.s/mm in Exp 2), force guidance HGF (expert force profile from a 0.1 kg model; PD 0.5 N/mm, 0.1 N.s/mm), no guidance NHG",Exp 1: 23 right-handed adults (18-26 y); Exp 2: 24 right-handed adults (18-28 y),No-guidance training session; pre vs post tests without guidance in the same session,"Exp 1: velocity-peak decrease only after HGF (session x period F(2,44) = 5.01, p < .05; e.g., letter 2: 9.42 -> 7.06 peaks; letter 4: 11.12 -> 8.86); mean velocity increased only after HGF (F(2,44) = 11.09, p < .05); no training effect on shape (DTW) for any mode (authors suggest ceiling effect). Exp 2 (untrained ellipses, mean +/- SE, Table 2): velocity peaks HGP 14.48 -> 10.19, HGF 14.19 -> 9.20 (both significant; NHG 11.36 -> 13.80), mode x test F(2,46) = 8.86; mean velocity HGF 4.62 -> 6.23 cm/s (significant; HGP 5.13 -> 5.88, NHG 5.66 -> 5.14), F(2,46) = 13.22; shape (DTW) no interaction, F(2,46) = 0.45.","Velocity peaks per trajectory, mean velocity (cm/s), DTW shape score; immediate post-test without guidance","Methods (Exp 1 training sessions; Exp 2); Results Exp 1 (velocity peaks, mean velocity, shape matching) and Exp 2 with Table 2; Discussion","No delayed retention; three training sessions per participant (Latin square) with carry-over risk; adults; time-indexed playback guidance; stylus on a screen, not ink on paper","Handwriting-like evidence that guidance improves fluency (kinematics) but not shape, and that force-profile guidance beats position guidance",medium,"Grounded device that moves the hand; the pen cannot apply net force to the hand, but the null effect of position correction on shape is directly relevant","Do not expect nib correction to teach shape; if a cue for fluency is wanted, make it about timing/velocity (e.g., vibrotactile rhythm) rather than position",2026-09-26,Bluteau Coquillart Payan Gentaz 2008 PLoS ONE haptic guidance handwriting learning | https://journals.plos.org/plosone/article?id=10.1371/journal.pone.0001775 | Europe PMC fullTextXML PMC2258003
HAP-11,2 handwriting guidance,"Palluel-Germain R, Bara F, Hillairet de Boisferon A, Hennion B, Gouagout P, Gentaz E (2007) A visuo-haptic device - Telemaque - increases kindergarten children's handwriting acquisition. Proc. EuroHaptics/WHC 2007, 72-77",2007,https://doi.org/10.1109/WHC.2007.13,conference,physical human study,secondary account,"Copying cursive letters (a, b, f, i, l, s) with the Telemaque visuo-haptic device (kinesthetic feedback from positional error to the nearest point of the model trajectory) vs control training","42 five-year-old children (search-index abstract; Danna & Velay describe 5-6 y), visuo-haptic group vs control group",Control training without the device,"Fluency measured by average velocity, number of velocity peaks and number of breaks; children trained with the device 'exhibited more fluent movements' and the authors concluded augmented kinesthetic feedback increased a proactive control strategy (Danna & Velay 2015). Numeric results not accessed.",Kinematic fluency measures; values and retention interval not accessed,"Danna & Velay 2015, section on supplementary proprioceptive feedback; Bluteau et al. 2008 Introduction; IEEE abstract via search",Primary text not accessed; no numbers; shape outcomes and retention delay unknown,"One of the few controlled child studies; benefit reported for fluency, not documented for shape",medium,Population and cursive letters match the use case; grounded arm device,"Child pilots should score fluency (velocity peaks, pen lifts) separately from shape; expect any benefit mainly in fluency",2026-09-26,Palluel-Germain 2007 visuo-haptic device Telemaque increases kindergarten children's handwriting acquisition | https://pmc.ncbi.nlm.nih.gov/articles/PMC4335466/
HAP-12,2 handwriting guidance,"Henmi K, Yoshikawa T (1998) Virtual lesson and its application to virtual calligraphy system. Proc. IEEE ICRA 1998, 1275-1280; Teo CL, Burdet E, Lim HP (2002) A robotic teacher of Chinese handwriting. Proc. HAPTICS 2002, 335-341; accounts from Bluteau et al. 2008 and Xiong M, Milleville-Pennel I, Dumas C, Palluel-Germain R (2010) Learning Chinese handwriting with a haptic interface in different velocity mode. CSEDU 2010, 39-45",1998; 2002 (2010),https://ieeexplore.ieee.org/document/677278/ ; https://ieeexplore.ieee.org/document/998977/ ; https://doi.org/10.5220/0002778900390045,conference,physical human study,secondary account,"Record-and-playback haptic teaching of calligraphy/characters: Henmi - teacher's brush position and force recorded and replayed to students; Teo - 6-DOF haptic interface with image reflection for undistorted hand-eye coordination, adaptable guidance mode and assistance level, quantitative scoring; Xiong - passive Phantom Omni playback of one Chinese character (20 guided repetitions) at constant or variable velocity","Henmi/Teo: not accessed; Xiong: 17 adults (20-44 y) new to Chinese, c-v group 9, v-c group 8, no unassisted-practice control",Xiong: order of velocity modes; pre vs post and 1-week tests,"Henmi: 'no behavioral data was reported' (Bluteau 2008); students' trajectories reportedly resembled the teacher's more over time but without full statistics (Xiong 2010). Teo: performance quantified by shape, motion, force and smoothness; Bluteau 2008 cites Teo as having observed an effect of position guidance. Xiong: trained character shape score 0.900 -> 0.947 in c-v group (p = 0.012) vs 0.916 -> 0.931 (n.s.) in v-c group; no effect on untrained characters sharing strokes; no effect on velocity or size.",Shape score (0-1); t-tests; no control group in Xiong,Bluteau 2008 Introduction and Discussion; Xiong 2010 Sec. 1 (p. 39) and Sec. 3.1 (pp. 41-42); Teo abstract via search,"Primary Henmi/Teo papers not accessed (IEEE); Xiong lacks a no-haptics control, small n, trained-item scoring",Early record-and-playback systems lack controlled retention evidence; playback training did not transfer to untrained characters,low,Grounded playback robots moving the hand along a timed template; the pen can do neither,Do not build time-indexed 'playback' modes; any claim of teaching must be tested on untrained letters,2026-09-26,"Teo Burdet Lim 2002 ""robotic teacher of Chinese handwriting"" haptic interface | Henmi Yoshikawa 1998 virtual lesson and its application to virtual calligraphy system ICRA | https://www.scitepress.org/papers/2010/27789/27789.pdf | Europe PMC fullTextXML PMC2258003"
HAP-13,2 handwriting guidance,"Teranishi A, Korres G, Park W, Eid M (2018) Combining full and partial haptic guidance improves handwriting skills development. IEEE Trans Haptics 11(4):509-517",2018,https://doi.org/10.1109/TOH.2018.2851511,journal,physical human study,abstract only,Learning Arabic handwriting with haptic guidance (3-DOF Phantom Omni per Langerak et al. 2020 related work): full guidance (device leads) vs partial guidance (help on deviation) and their sequential combinations,Exp I: 22 participants; Exp II: N not stated in abstract,Full-only vs partial-only vs partial-then-full vs full-then-partial,Exp I: no significant difference in learning outcomes between full and partial guidance; Exp II: combinations gave statistically significant improvements in handwriting quality vs full-only or partial-only; partial-then-full appeared most effective; authors infer partial helps gross shape early and full helps fine detail later (abstract).,Handwriting-quality metrics not in abstract,Abstract (PubMed 29994720); device per Langerak et al. 2020 (UIST) Related Work,"Abstract only: retention delay, assisted vs unassisted testing and effect sizes unknown; adults",Suggests staged authority schedules; conflicts with a simple 'fade-out only' logic,medium,Handwriting task matches; grounded device and unknown outcome definitions,Consider staged modes (partial -> full) but only adopt after unassisted retention tests; weak evidence,2026-09-26,Teranishi Korres Park Eid 2018 combining full and partial haptic guidance improves handwriting skills development | Europe PMC EXT_ID:29994720 AND SRC:MED
HAP-14,2 handwriting guidance,"Park W, Korres G, Moonesinghe T, Eid M (2019) Investigating haptic guidance methods for teaching children handwriting skills. IEEE Trans Haptics 12(4):461-469; and Park W, Babushkin V, Tahir S, Eid M (2021) Haptic guidance to support handwriting for children with cognitive and fine motor delays. IEEE Trans Haptics 14(3):626-634",2019 (2021),https://doi.org/10.1109/TOH.2019.2922284 ; https://doi.org/10.1109/TOH.2021.3068786,journal,physical human study,abstract only,"2019: typical children practising letters with full, partial, disturbance (error-augmenting) or no haptic guidance; 2021: longitudinal haptic-guided training vs pencil-and-paper-only control, 16 trained + 16 untrained tasks","2019: 42 children (Foundation Stage 2, 4-5 y; Year 2, 6-7 y); 2021: 12 children with cognitive and fine-motor delays (target vs control)",No-haptic guidance (2019); untrained control group (2021),"2019: disturbance guidance most effective for high-complexity letters ('o', 'g'), partial for medium ('t', 'r', 's', 'e', 'n', 'a', 'b'), full for low complexity ('i'); FS2 children had shorter test completion times than Year 2. 2021: target group better than control on visually familiar but haptically difficult tasks (Wilcoxon, p < 0.01); improvement also on untrained tasks (Spearman 0.667, p = 0.05).",Task scores and completion time (not in abstracts),Abstracts (PubMed 31247561; 33769937),Abstract only; unclear whether tests were unassisted/delayed; small samples; complexity categories author-defined,Only child studies comparing guidance modes; points to error-augmenting modes for complex letters,medium,Target population and task match; grounded device,"Make the mode letter-complexity dependent (correction for simple strokes, error-revealing/augmenting for complex letters) and verify with unassisted child testing",2026-09-26,"Europe PMC TITLE:""haptic guidance"" AND TITLE:""handwriting"" | Europe PMC EXT_ID:31247561 ; EXT_ID:33769937"
HAP-15,3 drawing guidance & position-correcting tools,"Korres G, Park W, Eid M (2021) Contactless kinesthetic feedback to support handwriting using magnetic force. IEEE Trans Haptics (accepted manuscript)",2021,https://doi.org/10.1109/TOH.2021.3083702,journal,physical human study,full text,"KATIB: 2-DOF parallel manipulator moves a permanent magnet under a touchscreen; stylus carries stacked neodymium magnets. Proactive (full) guidance: magnet leads point-to-point at maximum force; retroactive (partial): magnet activated only when stylus-to-target distance exceeds epsilon. Psychophysics: copy task of unfamiliar Arabic letters (5 difficulty levels), kinesthetic feedback randomly on/off, 10 s target duration","16 adults (9 male, 24-39 y)",No-kinesthetic-feedback trials,"Maximum lateral force 0.43 N at 3.5 mm magnet-stylus offset; stylus tilt up to 40 deg from normal gives negligible lateral force; workspace 80 x 60 mm; unattended playback RMSE < 3 mm; copy RMSE significantly lower with feedback at all difficulty levels (t-test, p < 0.01); completion time closer to the 10 s target with feedback; ergonomics rating mean 59 % (0-100).","N, mm, RMSE (mm), s; guided (assisted) performance only",Sec. 3 (Algorithms 1-2); Sec. 4.1 (Fig. 7); Sec. 4.2 (Fig. 8); Sec. 4.3 (Fig. 9); Sec. 5 (Figs. 10-12),No retention test; only proactive guidance tested; epsilon not reported in extracted text; adults,Tip-level forces of ~0.4 N suffice to steer a lightly held stylus; tilt sensitivity and workspace limits matter; users valued free stylus control,medium,Grounded magnetic force at the tip vs ungrounded nib displacement; force levels and acceptance data still informative,Error-triggered (retroactive) help maps to a deadband correction; measure retention separately from assisted accuracy,2026-09-26,Park Korres Moonesinghe Eid 2019 full partial disturbance haptic guidance handwriting children Phantom Omni stiffness threshold partial guidance deviation | https://aimlab-haptics.com/s/Contactless-Kinesthetic-Feedback-to-Support-Handwriting-Using-Magnetic-Force.pdf
HAP-16,3 drawing guidance & position-correcting tools,"Langerak T, Zarate J, Vechev V, Panozzo D, Hilliges O (2019) Dynamic drawing guidance via electromagnetic haptic feedback. arXiv:1906.11753; peer-reviewed version: Langerak T, Zárate JJ, Vechev V, Lindlbauer D, Panozzo D, Hilliges O (2020) Optimal control for electromagnetic haptic guidance systems. Proc. UIST '20",2019; 2020,https://arxiv.org/abs/1906.11753 ; https://doi.org/10.1145/3379337.3415593,preprint,physical human study,full text,"Electromagnet (Intertec ITS-MS-5030-12VDC, 5 cm dia., 12 V, 11 W) on a bi-axial stepper stage (full step 0.2 mm, quarter-stepped) under a Sensel Morph tablet (6502 DPI, 500 Hz, 2 ms latency); ordinary paper; 3D-printed ballpoint pen with ring magnet; time-free model-predictive contouring control (horizon N = 10) pulls the pen back toward the path while the user sets the speed; if the pen is lifted the last known position is used (UIST version)","Exp A: 12 participants (open loop dePENd-like vs time-indexed MPC vs MPCC, one complex shape); Exp B: 12 participants (8 M, 4 F, 28.2 +/- 2.2 y), 6 shapes each drawn once with and once without guidance",No guidance; open-loop; time-indexed MPC,"Lateral force up to 488 mN at 11 W; positional dispersion 2.8 +/- 0.8 mm (300 repetitions, magnet full strength, passive pen); solve time 7.4 +/- 3.0 ms, pen-to-magnet latency ~10 ms, ~20 ms total. Exp A pen-to-path error OL 4.1 +/- 0.7, MPC 3.9 +/- 1.3, MPCC 2.0 +/- 0.6 mm (H(2) = 20.76, p < .001); pen-to-magnet 38.2 +/- 25.1 / 8.6 +/- 1.6 / 4.6 +/- 0.9 mm. Exp B mean error with vs without guidance: circle 2.19 vs 4.26, spiral 2.55 vs 4.38, sinusoid 2.53 vs 5.08, dog 2.31 vs 3.81, ellipse 2.40 vs 3.84 mm (ratio 0.50-0.62), line 1.18 vs 1.03 mm (n.s.); feedback main effect F = 46.187, p < .001; perceived force 3.50 +/- 0.86 (5-point). Corner cutting grows with curvature (simulation, Fig. 16). No learning/retention measured ('long-term learning ... beyond the scope').","mm (mean +/- SD), mN, ms, Likert 1-5; assisted performance",arXiv v1: Sec. 4.1 p. 4; Secs. 6.3-6.4 p. 9; Sec. 7 and Table 2 pp. 9-10; Sec. 8 and Table 3 pp. 10-11; Table 4 p. 12; Secs. 10-11 p. 13; UIST'20 'Input and Output Devices',Guided performance only; guided error ~2 mm is four times the pen's +/-0.5 mm range; slow stage limited drawing speed; grounded magnet under the tablet,"Best evidence on closed-loop, time-free guidance that preserves agency; also quantifies unguided shape errors (3.8-5.1 mm) that exceed a +/-0.5 mm nib range",medium,"Tip forces from ground vs ungrounded nib displacement; the control concepts (time-free progress variable, gentle pull-back) transfer fully","Parameterise the target by a time-free progress variable along the path; pull back smoothly rather than snap; accept that the nib can only polish, not form, novice shapes",2026-09-26,Langerak 2019 CHI dynamic drawing guidance electromagnetic haptic feedback | https://arxiv.org/pdf/1906.11753 | https://files.ait.ethz.ch/projects/magpen/magpen.pdf
HAP-17,3 drawing guidance & position-correcting tools,"Yamaoka J, Kakehi Y (2013) dePENd: augmented handwriting system using ferromagnetism of a ballpoint pen. Proc. UIST '13",2013,https://doi.org/10.1145/2501988.2502017,conference,physical human study,secondary account,"Permanent neodymium magnet moved by an XY stage under the table attracts the steel tip of an ordinary ballpoint pen to help draw lines/circles, copy/paste or scale drawings; pen position not tracked (open loop)",Original user data not accessed; open-loop reimplementation tested by Langerak et al. with 12 participants,Closed-loop time-free MPCC (Langerak et al.),"Per Langerak et al.: the permanent magnet 'forces' rather than guides; the user can deviate only by lifting/moving the pen, which does not change magnet behaviour. Reimplementation: pen-to-path error 4.1 +/- 0.7 mm vs 2.0 +/- 0.6 mm for MPCC; pen-to-magnet distance 38.2 +/- 25.1 mm; participants lost the guidance ('I don't feel anything').",mm; numbers from a third-party reimplementation,"Langerak 2019 Sec. 2 'Magnetic Actuation' (p. 3) and Sec. 7, Table 2 (pp. 9-10); project page https://futurecrafts.kmd.keio.ac.jp/depend/",Original paper not accessible (ACM DL HTTP 403); results from a competitor's reimplementation,"Shows the failure modes of open-loop, time-indexed guidance: coercion or loss of coupling",medium,"Device physics differs, but the control lesson (closed-loop, state-based correction) applies directly",Never drive the nib along a time-indexed template; correct from the measured pen state and yield to the writer,2026-09-26,dePENd Yamaoka Kakehi UIST 2013 augmented handwriting system using ferromagnetism of a ballpoint pen | https://futurecrafts.kmd.keio.ac.jp/depend/ | https://arxiv.org/pdf/1906.11753
HAP-18,3 drawing guidance & position-correcting tools,"Rivers A, Moyer IE, Durand F (2012) Position-correcting tools for 2D digital fabrication. ACM Trans Graph 31(4) (Proc. SIGGRAPH 2012)",2012,https://doi.org/10.1145/2185520.2185584,journal,physical bench experiment,full text,"Handheld frame (~13 x 10 x 9 in) carrying a router, vinyl cutter or pen; frame camera tracks printed marker tape (image registration ~4 ms); two stepper-driven eccentrics move the tool within the frame; on-tool screen shows plan, tool position and correction-range circle",Authors' prototype; no formal user study,Manual positioning (pilot: users with an accurate location display kept the tool within 1/8 in of the plan),"Correction range set to twice the observed human error: users stayed within 1/8 in (3.2 mm) -> range radius 1/4 in (6.35 mm; 1/2 in circle); stage limited to ~95 % of eccentric range; 62 oz-in steppers prevented backdriving. Constant-speed mode: tool advances at 0.2 in/s (~5 mm/s) by default and stops at the range edge until the user catches up. Freeform mode: target = closest plan point to the range centre; 4 ranked candidate paths (walk along the border within range ... 'don't move'); user should not diverge faster than ~0.2 in/s. Pen plot of a 6 in pattern: mean error 0.009 in (0.23 mm), max 0.023 in (0.58 mm).",inch values converted to mm; in/s; ms,PDF pages: Sec. 3.4 p. 3; Secs. 4-4.1 pp. 3-4; Secs. 4.2.1-4.2.2 and Fig. 5 pp. 4-5; Sec. 5.1 and Fig. 6 p. 5; Sec. 6 and Fig. 10 p. 6,"Bench demonstrations only; frame rests on the workpiece (effectively grounded, large); no learning or user-performance statistics","Closest architectural analogue: the human supplies coarse motion and the device corrects small errors within a bounded range, with explicit rules for range sizing and for leaving range",high,"Same division of labour and bounded correction; differences are range (+/-0.5 mm vs +/-6.35 mm) and a hand-held, ungrounded pen body","Size range from measured user error; show or cue remaining headroom; when out of range hold/stop rather than jump, prefer staying on the path over shortcuts, and re-acquire when the user returns",2026-09-26,Rivers Moyer Durand 2012 position-correcting tools 2D digital fabrication | https://hackaday.com/wp-content/uploads/2012/08/position-correcting-tools-for-2d-digital-fabrication.pdf
HAP-19,3 drawing guidance & position-correcting tools,"Zoran A, Paradiso JA (2013) FreeD: a freehand digital sculpting tool. Proc. CHI 2013",2013,https://resenv.media.mit.edu/pubs/papers/2013-ZORAN_CHI_FREED.pdf,conference,physical bench experiment,full text,"Handheld milling tool (Faulhaber 1727 DC spindle, up to 7800 rpm no-load, 8 mm bit) tracked by a Polhemus FASTRAK; three servos retract the shaft; software compares current and zero-order-predicted bit position with the CAD model","Authors' own fabrication of two foam objects (bowl 8 x 5 cm, 30 min; tiger 24 x 13 x 8 cm, 3 h); no user study",None,"Tracker latency 4 ms, static accuracy 0.76 mm RMS / 0.15 deg, 120 Hz; shaft dynamic range 21 mm; spindle off when >10 cm from the model; within 5 mm spindle slows linearly to half speed; predicted penetration triggers spindle shutdown and shaft retraction; software loop 25 FPS (bowl) to ~10 FPS (tiger); surface accuracy 2.5 mm.","ms, mm, Hz, FPS",PDF pages: section 'The system's architecture & implementation' (p. 3); 'Discussion' (pp. 3-4),No user study; protective (forbidden-region) rather than path guidance; low update rate,"Example of graceful authority: full freedom until a violation is predicted, then withdrawal rather than pushing",medium,Withdraw-when-infeasible concept transfers to the nib; scale and task differ,"When the writer leaves the correctable region, degrade correction smoothly (optionally cue) instead of fighting; use one-step prediction to avoid late large corrections",2026-09-26,Zoran Paradiso FreeD freehand digital sculpting tool CHI 2013 handheld milling spindle retract speed | https://resenv.media.mit.edu/pubs/papers/2013-ZORAN_CHI_FREED.pdf
HAP-20,4 shared control / virtual fixtures,Rosenberg LB (1993) Virtual fixtures: perceptual tools for telerobotic manipulation. Proc. IEEE Virtual Reality Annual International Symposium (VRAIS) 1993,1993,https://doi.org/10.1109/VRAIS.1993.380795,conference,physical human study,abstract only,Telerobotic Fitts'-law peg insertion with and without virtual fixtures (computer-generated percepts overlaid on the remote workspace),8 subjects,No fixtures,"Simple virtual fixtures increased performance by up to 70 % (abstract, via search index).",Performance improvement (%); metric per abstract,Abstract (search-index snippet; IEEE/ACM record),"Abstract only; teleoperation; performance, not learning",Origin of virtual fixtures: large immediate precision gains from guidance,low,Teleoperation with a grounded master; performance-only outcome,"Fixture-like correction is appropriate for an 'assist' (precision/tremor) mode, distinct from a 'learn' mode",2026-09-26,Rosenberg 1993 virtual fixtures perceptual tools for telerobotic manipulation peg insertion performance improvement
HAP-21,4 shared control / virtual fixtures,"Abbott JJ, Marayong P, Okamura AM (2007) Haptic virtual fixtures for robot-assisted manipulation. In: Robotics Research (ISRR), Springer STAR 28:49-64; with Marayong P, Okamura AM (2004) Speed-accuracy characteristics of human-machine cooperative manipulation using virtual fixtures with variable admittance. Hum Factors 46(3):518-532 (abstract)",2007 (2004),https://doi.org/10.1007/978-3-540-48113-3_5 ; https://doi.org/10.1518/hfes.46.3.518.50400,review,review,full text,Guidance and forbidden-region virtual fixtures on admittance-type (JHU Steady-Hand) and impedance-type telemanipulators; guidance level set by the admittance ratio (gain orthogonal to path / gain along path),Steady-Hand experiments (N not stated in chapter); forbidden-region compliance study with 8 users (Fig. 7),"No, soft and hard guidance",Path following was more accurate with guidance fixtures (significant) though not significantly faster; in off-path targeting and avoidance users took significantly longer with stronger guidance and error increased slightly; appropriate guidance is task dependent. Marayong & Okamura 2004: linear relation between admittance ratio and performance; algorithm to select the ratio by task; automatic tuning recommended. Li & Okamura (2003) used hidden Markov models to recognise user motions and switch assistance in combined curve-following/obstacle-avoidance. Impedance-type fixtures are stability-limited (Fig. 8). Open question whether fixtures can act as removable 'training wheels'.,Qualitative/significance; admittance ratio 0 (hard) to 1 (no guidance),Abbott 2007 (ISRR draft PDF pagination) Secs. 3-3.1 and Fig. 4 (pp. 5-7); Sec. 5 and Fig. 8 (p. 13); Sec. 6 (p. 14); Marayong 2004 abstract (PubMed 15573549),Summary chapter; grounded devices; no learning outcomes; Marayong 2004 full text blocked,"Quantifies the trade-off: stronger guidance helps on the path and hurts when the user means to leave it, motivating intent-dependent authority",medium,Guidance strength maps to nib correction gain; off-path costs map to intended deviations and letter branches,"Use a continuous correction gain (0-1, admittance-ratio-like) rather than on/off, and lower it when intent to leave the path or take another branch is detected",2026-09-26,"Abbott Marayong Okamura haptic virtual fixtures for robot-assisted manipulation guidance virtual fixture admittance ratio pdf | http://robots.stanford.edu/isrr-papers/draft/abbott-final.pdf | Europe PMC TITLE:""Speed-accuracy characteristics of human-machine cooperative manipulation"" | Li Okamura 2003 recognition of operator motions for real-time assistance using virtual fixtures hidden Markov models curve following"
HAP-22,4 shared control / virtual fixtures,"Abbink DA, Carlson T, Mulder M, de Winter JCF, Aminravan F, Gibo TL, Boer ER (2018) A topology of shared control systems - finding common ground in diversity. IEEE Trans Hum-Mach Syst 48(5):509-525; with Abbink DA, Mulder M, Boer ER (2012) Haptic shared control: smoothly shifting control authority? Cogn Tech Work 14:19-28 (not retrieved) and Mulder M, Abbink DA, Boer ER (2012) Sharing control with haptics. Hum Factors 54(5):786-798 (abstract)",2018 (2012),https://doi.org/10.1109/THMS.2018.2791570 ; https://doi.org/10.1007/s10111-011-0192-5 ; https://doi.org/10.1177/0018720812443984,review,review,full text,"Definition, design axioms and domain reviews (automotive, surgery, brain-machine interfaces, learning) of shared control; Mulder 2012: fixed-base driving-simulator curve negotiation, manual vs haptic shared control vs automation",Mulder 2012: 42 drivers,Manual control; full automation,"Shared control: human and robot interact congruently in a perception-action cycle on a task either could do alone. Axiom 1: each agent directly perceives how its intent is shaped by the other; corollary: minimise conflicts by modelling robot actions on human behaviour and, in conflicts, ensure the human has time and ability to influence the robot. Level of haptic authority = stiffness around the controller's optimal steering angle (automotive example). Learning: fixed-gain guidance may be detrimental and shared control can de-skill; participants get annoyed when resisting forces contrary to their intentions. Mulder 2012 (abstract): vs manual, haptic shared control needed 16 % lower steering-wheel reversal rate and 15 % lower SD of wheel angle with 11 % lower peak lateral error; full automation gave 35 % lower peak lateral error but placed the human in a supervisory role.",% change vs manual (driving simulator),"Abbink 2018 (UCL accepted-manuscript pagination) Secs. II.A-II.B (pp. 3-4), III.B (p. 6), VI and VI.A (pp. 9-10); Mulder 2012 abstract (PubMed 23156623)",Review; driving/surgery domains; Abbink 2012 text not accessed (Springer login); Mulder numbers from abstract,Vocabulary and rules for continuous authority sharing and override/conflict handling,medium,Principles are domain independent; torque-level sharing on a grounded interface differs from ungrounded nib displacement,Expose correction authority as a continuous gain the user can feel and overrule; avoid sustained conflict by fading correction when the writer persistently deviates; keep the writer in the loop in learning mode,2026-09-26,"Abbink Mulder Boer 2012 haptic shared control smoothly shifting control authority Cognition Technology Work | Abbink Carlson Mulder de Winter 2018 ""A topology of shared control systems"" finding common ground in diversity IEEE Transactions Human-Machine Systems | https://discovery.ucl.ac.uk/10041044/1/Abbink%20et%20al%20-%20Shared%20Control%20Review%20R2.pdf | Europe PMC TITLE:""Sharing control with haptics"""
HAP-23,4 shared control / virtual fixtures,"Dragan AD, Srinivasa SS (2013) A policy-blending formalism for shared control. Int J Robot Res 32(7):790-805",2013,https://doi.org/10.1177/0278364913490324,journal,physical human study,full text,"Teleoperated robot reaching/grasping among candidate goals; assistance blends user input with the policy for the predicted goal via arbitration alpha(confidence); confidence c = max(0, 1 - d/D), d = distance to predicted goal; timid mode (alpha rises with confidence, plateaus below full) vs aggressive mode (takes over beyond a threshold); tasks Easy/Hard x prediction Right/Wrong","8 participants (4 M, 4 F), within-subjects, balanced Latin square",Timid vs aggressive arbitration; correct vs wrong prediction,"Completion time: hard tasks +22.9 s (F(1,53) = 18.45, p < .001); wrong prediction +30.1 s (F(1,53) = 31.88, p < .001); aggressive mode +19.4 s overall (F(1,53) = 13.2, p = .001); aggressiveness x correctness F(1,53) = 36.28, p < .001 - when wrong, timid significantly better (t(15) = 7.09, p < .001) and aggressive+wrong worse than all other cells; on Hard&Right aggressive was faster for every user; preference correlated with time difference (r(30) = .66, p < .001); some users preferred timid despite a time cost.",Task time (s); 7-point preference scale,Sec. 3.2 (arbitration); Sec. 4.1 and Fig. 7 (pp. 797-798); Sec. 5.1 and Fig. 8 (p. 799),"N = 8; goal reaching, not path tracing; arbitration hand-tuned","Direct evidence for confidence-based authority; confident-but-wrong assistance is the dominant failure, as at letter junctions",medium,Arbitration principle transfers; task and interface differ,"Scale nib authority with intent confidence; at junctions, loop closures and stroke starts use a timid profile that never fully takes over until the stroke direction disambiguates; allow per-user tuning",2026-09-26,Dragan Srinivasa 2013 policy-blending formalism for shared control arbitration confidence prediction International Journal of Robotics Research | https://publications.ri.cmu.edu/storage/publications/pub_files/2013/5/assistive_teleop_IJRR.pdf
HAP-24,5 hand impedance,"Hajian AZ, Howe RD (1997) Identification of the mechanical impedance at the human finger tip. J Biomech Eng 119(1):109-114",1997,https://doi.org/10.1115/1.2796052,journal,physical human study,abstract only,Rapid force transients on the outstretched index fingertip (motion mainly at the MCP joint) in extension and abduction; second-order mass-spring-damper fit to ~20 ms of force/displacement data at mean fingertip forces 2-20 N (extension) and 2-8 N (abduction),N not stated in abstract,Extension vs abduction; force (activation) levels,"Effective translational fingertip mass roughly constant above 6 N in extension and constant in abduction; stiffness increased linearly with muscle activation; extension damping ratio ~1.7x abduction. Numeric m, b, k values not accessible (paywall) and not taken from unverified secondary sources.","Force 2-20 N; parameters in kg, N.s/m, N/m (values not extracted)",Abstract (PubMed 9083857),"Abstract only; outstretched single finger, not a tripod pen grasp; short-transient (high-frequency, small-motion) regime","Stiffness scales with co-activation/force, so grip force must be a simulation parameter",low,Single-finger MCP posture differs from pen grasp and no numbers were extracted,Model hand stiffness as increasing with grip/co-contraction; obtain the paper's numeric values before using them,2026-09-26,"Europe PMC TITLE:""mechanical impedance at the human finger tip"" | Hajian Howe 1997 ""Identification of the mechanical impedance at the human finger tip"" pdf biorobotics harvard | ""Hajian and Howe"" fingertip effective mass damping stiffness values ""N/m"" ""Ns/m"" extension 2-20 N"
HAP-25,5 hand impedance,"Kuchenbecker KJ (2006) Characterizing and controlling the high-frequency dynamics of haptic interfaces. PhD thesis, Stanford University; with Kuchenbecker KJ, Park JG, Niemeyer G (2003) Characterizing the human wrist for improved haptic interaction. Proc. ASME IMECE 2003 (abstract)",2006 (2003),http://bdml.stanford.edu/twiki/pub/RisePrivate/HapticsDraftPublications/kjkthesis-oneside.pdf,thesis,physical human study,full text,"System identification of hand-held haptic devices: (a) custom 1-DOF stylus interface with grip-force sensor, swept sines 1-2000 Hz, grip 0-7 N; (b) force-feedback joystick (thesis Sec. 3.5 system) held in a comfortable grasp, 10-200 Hz sweeps; (c) 2003: wrist flexion/extension impedance while holding a stylus in a three-finger grasp",Single user(s) in thesis tests; 2003 study N not in abstract,Device alone (zero grip) vs held; grip-force levels,"Holding the stylus adds a low-frequency spring and mid-frequency damper: response slope about +40 dB/decade below ~5 Hz and +20 dB/decade from ~5 to ~80 Hz; stiffness and damping rise with grip force (Fig. 3.12). Joystick user model: k_u = 40 N/m, b_u = 23 N.s/m with handle mass 0.014 kg (Table 3.1). Users actively compensate low-frequency induced motion from DC to about 8 Hz. 2003: positive linear correlation between grip force and wrist impedance for all subjects, with individual trends.","N/m, N.s/m, kg, Hz; grip force in N",Thesis Sec. 3.4.6 and Fig. 3.12 (pp. 53-55); Sec. 3.5.2 'Handle and User Impedance' and Fig. 3.22 (p. 68); Table 3.1 (p. 73); Sec. 5.6.2 (pp. 136-137); 2003 IMECE abstract via search,Few users; joystick grasp is not a pen grasp; device-specific fits; 2003 numeric values not accessed,"Frequency map of the user: active compensation below ~8 Hz, spring-like below ~5 Hz, damper-like ~5-80 Hz, mass-like above; grip force is the main modulator",medium,Stylus/handle grasps similar in kind; not a writing posture,Simulate the writer as an active position controller below ~5-8 Hz plus a passive k-b-m load above; schedule k and b with grip force (consider a barrel grip-force sensor),2026-09-26,"Kuchenbecker Park Niemeyer 2003 characterizing the human wrist for improved haptic interaction stylus grip stiffness damping mass values | Kuchenbecker ""Characterizing the human wrist for improved haptic interaction"" pdf grip force wrist stiffness natural frequency | http://bdml.stanford.edu/twiki/pub/RisePrivate/HapticsDraftPublications/kjkthesis-oneside.pdf"
HAP-26,5 hand impedance,"Fu MJ, Cavusoglu MC (2012) Human-arm-and-hand-dynamic model with variability analyses for a stylus-based haptic interface. IEEE Trans Syst Man Cybern B Cybern 42(6):1633-1644",2012,https://doi.org/10.1109/TSMCB.2012.2197387,journal,physical human study,full text,"Phantom Premium 1.5a with Nano17 force sensor; Delrin stylus (with gimbal 52 g) held 'as one would hold a pen'; elbow/arm unsupported; subject keeps a cursor static while random force (<= 5 N, coloured noise, 0.6-30 Hz) is applied along X (left-right), Y (up-down) or Z (fore-aft); grip force held at 1, 2 or 3 N. Model: stylus -(k1 || b1, grasp)- mass M -(k2 || b2, arm)- ground","15 subjects (9 M, 6 F; 20-32 y); 135 trials",Grip force 1/2/3 N; axes; inter-subject variability,"Nominal (Table II) X: M 0.218 kg, k1 379.5 N/m, k2 78.75 N/m, b1 1.839 N.s/m, b2 4.645 N.s/m; Y: 0.269 kg, 552.4, 105.3, 3.609, 6.430; Z: 0.204 kg, 769.9, 271.7, 0.776, 18.06. Grip dependence small (Table I, e.g., Y k1 469.7 -> 671.2 N/m from 1 to 3 N). 95 % CI across subjects/grips (Table III) X: M 0.14-0.57 kg, k1 228-651 N/m, k2 63-151 N/m, b1 0.87-4.56, b2 3.68-10.29 N.s/m; Z: M 0.016-0.43 kg, k1 679-1043 N/m, k2 214-533 N/m, b1 ~0-1.42, b2 13.1-27.6 N.s/m. Fit RMS position error 2.39 +/- 2.73 mm; model best up to 20 Hz.","kg, N/m, N.s/m; 0.6-30 Hz; grip 1-3 N; arm unsupported, static hold","Author PDF pages: Secs. II.B-II.E, Fig. 4, Eq. 1 (pp. 2-5); Tables I-III (pp. 6-7); Sec. III.B (p. 7); Sec. IV (p. 8)","No writing, no hand-on-paper support; position at the gimbal; poorer fit above 20 Hz; some minima (e.g., M = 0.0003 kg) indicate ill-conditioned individual fits","Only pen-grip, multi-axis parameter set with quantified variability found; directly usable for barrel-hand simulation",high,"Pen-like grasp and in-plane axes (X, Z) match; posture differs (arm unsupported, no paper contact)",Use in-plane nominal values as baseline and sweep the 95 % CI; couple barrel to hand mass through k1 ~380-770 N/m and b1 ~0.8-1.8 N.s/m,2026-09-26,Fu Cavusoglu human arm and hand dynamic model stylus Phantom Premium grip force 1-3 N identified mass damping stiffness parameters pdf | http://engr.case.edu/cavusoglu_cenk/papers/TSMC2012.pdf
HAP-27,5 hand impedance + 6 perception thresholds,"Israr A, Choi S, Tan HZ (2006) Detection threshold and mechanical impedance of the hand in a pen-hold posture. Proc. IEEE/RSJ IROS 2006, 472-477",2006,https://engineering.purdue.edu/~hongtan/pubs/PDFfiles/C70_IsrarChoiTan_IROS2006.pdf,conference,physical human study,full text,"B&K 4810 minishaker drives a PHANToM 1.0A stylus along its length (vibration mostly tangential to the skin); stylus held like a pen; elbow/forearm on an armrest; three-interval forced-choice adaptive thresholds (4 dB then 1 dB steps, 12 reversals) at 10, 20, 40, 80, 160, 320, 500 Hz; 1 s bursts; accelerometer and Nano17 force sensor","10 participants (5 M, 5 F; 22-40 y); skin contact area 400-711 mm^2 (mean 550 mm^2)","Bolanowski et al. 1988 (thenar, normal indentation, surround) and Brisben et al. 1999 (grasped cylinder, tangential) as reported in the paper","Position thresholds 26 µm at 10 Hz and 8.5 µm at 20 Hz; mean slope -13 dB/octave from 10 to 160 Hz; minimum 0.06 µm at 320 Hz (vs 0.03 µm at 150 Hz in Brisben 1999; 0.13 µm at 300 Hz in Bolanowski 1988). Force thresholds U-shaped, minimum ~160 Hz. Skin impedance roughly constant below 40 Hz at -36 to -38 dB re 1 N.s/mm (about 12.6-15.8 N.s/m; conversion by this ledger), then -7 dB/octave (40-80 Hz) and -16 dB/octave (80-160 Hz), flat 160-320 Hz, +16 dB/octave 320-500 Hz. Prior haptic experience no effect (F(1,406) = 0.49, p = 0.48). Brisben 1999 abstract adds: contact force 0.05-1.0 N had no effect on grasped-cylinder thresholds.",Peak displacement (um); dB re 1 N.s/mm; axial excitation at threshold amplitudes,"PDF pages: Sec. II.A-C (pp. 2-3, Fig. 2); Sec. III (pp. 4-5, Figs. 3-5); Sec. IV (p. 5); Brisben: PubMed 10200190 abstract",Axial (along-barrel) excitation only; supported forearm; no writing; force-threshold values only graphical,Only data found on vibration detection and small-signal impedance in a pen-hold grasp,high,Same grasp; in-plane nib reactions are partly off-axis from the tested direction,Relative barrel-skin motion above ~26 µm at 10 Hz or ~8.5 µm at 20 Hz (far less near 160-320 Hz) is likely to be felt; keep actuator reaction spectra low and smooth or use them deliberately as cues; use ~13-16 N.s/m as a small-signal check,2026-09-26,"Israr Choi Tan 2006 detection threshold and mechanical impedance of the hand in a pen-hold posture | https://engineering.purdue.edu/~hongtan/pubs/PDFfiles/C70_IsrarChoiTan_IROS2006.pdf | Europe PMC TITLE:""Detection of vibration transmitted through an object grasped in the hand"""
HAP-28,6 perception thresholds / force control,"Tan HZ, Srinivasan MA, Eberman B, Cheng B (1994) Human factors for the design of force-reflecting haptic interfaces. Proc. ASME Dynamic Systems and Control Division, DSC-Vol. 55-1, 353-359",1994,https://engineering.purdue.edu/~hongtan/pubs/PDFfiles/C15_Tan_ASME1994.pdf,conference,physical human study,full text,"Summary of human capabilities for haptic interface design plus new measurements: pressure JND vs contact area, joint position resolution, maximum controllable force and force-control resolution at PIP, MCP, wrist, elbow and shoulder","Force range/resolution: 3 subjects (1 F, 2 M)",Literature values,"Force JND ~7 % (Jones 1989; Pang et al. 1991 with 2.5-10 N references). Vibrotactile detection threshold ~28 dB re 1 µm (~25 µm) below 30 Hz, falling ~-12 dB/octave from 30 to 300 Hz (citing Bolanowski et al. 1988). Force-control bandwidth upper bound ~20-30 Hz (finger tremor peak ~25 Hz per Stiles & Randall 1967; ~20 Hz per Srinivasan & Chen 1993), actual ~7 Hz (Brooks 1990); vibration perceivable up to ~1000 Hz. Force-control resolution (SD while holding ~half-maximum force for 5 s with visual feedback) averaged 0.36 N (SD 0.07 N) at target forces 8.9-48.9 N (Table 4); maximum controllable force 16.5-102.3 N (Table 3).","%, dB re 1 µm, Hz, N","Sec. 2.A(i)-(ii) and 2.E(iii) (pp. 354-355); Sec. 3.5, Tables 3-4 (p. 357)",Literature summary plus 3-subject tests; force control measured at forces far above writing forces; 28 dB threshold refers to normal indentation with a surround,"Bounds what the writer can voluntarily correct (below ~7-20 Hz) versus what the pen must cancel, and how large force changes must be to be noticed",medium,General human limits; not measured in a writing posture or at writing forces,Place cancellation above the writer's voluntary control band (~7 Hz) and leave lower frequencies to the writer; reaction-force changes above ~7 % of grip/contact force may be noticed,2026-09-26,https://engineering.purdue.edu/~hongtan/pubs/ (publication list) -> https://engineering.purdue.edu/~hongtan/pubs/PDFfiles/C15_Tan_ASME1994.pdf (scanned; page images read)
HAP-29,7 visual feedback in writing,"van Doorn RRA, Keuss PJG (1992) The role of vision in the temporal and spatial control of handwriting. Acta Psychol 81(3):269-286; van Doorn RRA, Keuss PJG (1993) Does the production of letter strokes in handwriting benefit from vision? Acta Psychol 82:275-290",1992; 1993,https://doi.org/10.1016/0001-6918(92)90021-5 ; https://doi.org/10.1016/0001-6918(93)90016-K,journal,physical human study,abstract only,"Adults writing nonsense letter sequences (e.g., 'lelele') with vs without vision",1992: 12 subjects; 1993: adult writers (12 per Danna & Velay 2015 Table 1),Vision vs no-vision,"1992: letter shapes remained equally invariant with and without vision (spatial control preserved) at the cost of longer processing time (reaction time increased without vision, more under short-duration instructions). 1993: without vision, movement time and trajectory size of stroke acceleration and deceleration phases increased, letter dependent ('l' more affected than 'e'), with increments spread across whole strokes.","RT, movement time, size; values not in abstracts",Abstracts (PubMed 1462788; 8475770); Danna & Velay 2015 Table 1,Abstracts only; skilled adults; vision removed rather than altered,"Skilled writers form letter shapes largely without visual feedback; vision regulates size, spacing and timing",medium,"Informs what writers rely on when the visible trace is altered, but no study altered the trace relative to the hand","Expect skilled writers to keep their own shapes despite correction, so correction mainly affects fine appearance; whether writers notice or fight sub-mm corrections is untested",2026-09-26,"Europe PMC TITLE:""role of vision in the temporal and spatial control of handwriting"" | TITLE:""production of letter strokes in handwriting benefit from vision"""
HAP-30,7 visual feedback in writing,"Danna J, Velay J-L (2015) Basic and supplementary sensory feedback in handwriting. Front Psychol 6:169",2015,https://doi.org/10.3389/fpsyg.2015.00169,review,review,full text,"Review of natural (visual, proprioceptive, tactile) and supplementary (visual, haptic, auditory) feedback in handwriting control and learning",n/a (review; Table 1 lists vision studies),Vision vs no vision; delayed vision; supplementary feedback modalities,"Vision mainly serves topocinetic (layout) control and stroke-repetition monitoring. Tamada (1995), 8 adults: visual-feedback delays of 0, 33, 67, 100, 133, 167, 267 and 500 ms increased writing error rate with delay, especially stroke repetitions (e.g., 'feeeling'). Smyth & Silvers (1987), 12 adults: word orientation affected by loss of vision. Supplementary concurrent visual feedback slows and disrupts fluency (Portier & van Galen 1992), so visual feedback should come after, not during, movement. Haptic guidance needs an a-priori 'ideal' trajectory, questionable given individual handwriting variability; auditory feedback recommended for real-time kinematics.",Delays in ms; error rates not reported in the review text,Sections on visual feedback and Table 1; 'Supplementary proprioceptive FB' (haptic guidance); 'Supplementary auditory FB',Narrative review; Tamada 1995 and Smyth & Silvers 1987 not accessed directly; no study displaces ink relative to the hand,Writers' visual loop is slow and supervisory; concurrent visual changes can disturb fluency,medium,"Concerns the same visual trace the nib alters, but not the specific hand-vs-ink offset the pen creates",Keep corrections small and smooth; in learning mode give error information after the stroke or through audio/vibration rather than concurrent visual changes; do not rely on a single 'ideal' template for all writers,2026-09-26,"Europe PMC TITLE:""Basic and supplementary sensory feedback in handwriting"" | https://pmc.ncbi.nlm.nih.gov/articles/PMC4335466/ | Europe PMC fullTextXML PMC4335466"
