case,metric,mean,sd
neutral,wo_path_rms_um,196.0,22.016
neutral_no_tremor,wo_path_rms_um,154.72,42.736
oracle_disturbance,wo_path_rms_um,163.66,38.197
kfosc_internal,wo_path_rms_um,194.74,20.923
pull_oracle,wo_path_rms_um,154.72,26.927
pull_ai_correct,wo_path_rms_um,222.41,20.596
pull_ai_predicted,wo_path_rms_um,203.59,22.257
akf,wo_path_rms_um,196.0,23.194
akf_robust,wo_path_rms_um,193.42,22.764
wflc,wo_path_rms_um,189.18,24.365
gru,wo_path_rms_um,206.89,26.864
ctx_none,wo_path_rms_um,193.17,22.729
ctx_oracle,wo_path_rms_um,192.98,22.78
ctx_ai_correct,wo_path_rms_um,193.35,22.642
ctx_ai_predicted,wo_path_rms_um,193.23,22.709
ctx_wrong_letter_gated,wo_path_rms_um,193.26,22.692
ctx_wrong_letter_full,wo_path_rms_um,193.68,22.592
neutral,ratio,1.0,0.0
neutral_no_tremor,ratio,0.0,0.0
oracle_disturbance,ratio,0.26043,0.024112
kfosc_internal,ratio,1.077,0.094168
pull_oracle,ratio,1.1345,0.11454
pull_ai_correct,ratio,1.2321,0.12021
pull_ai_predicted,ratio,nan,nan
akf,ratio,1.1091,0.14563
akf_robust,ratio,0.97759,0.033362
wflc,ratio,0.96312,0.11675
gru,ratio,0.92543,0.08146
ctx_none,ratio,0.99405,0.012779
ctx_oracle,ratio,0.99078,0.014513
ctx_ai_correct,ratio,0.99135,0.014542
ctx_ai_predicted,ratio,0.99362,0.013062
ctx_wrong_letter_gated,ratio,0.99399,0.012818
ctx_wrong_letter_full,ratio,0.99209,0.013466
neutral,wo_recognition_accuracy,0.9375,0.060623
neutral_no_tremor,wo_recognition_accuracy,0.97276,0.025989
oracle_disturbance,wo_recognition_accuracy,0.94712,0.042732
kfosc_internal,wo_recognition_accuracy,0.93429,0.059252
pull_oracle,wo_recognition_accuracy,0.95032,0.050245
pull_ai_correct,wo_recognition_accuracy,0.91186,0.071507
pull_ai_predicted,wo_recognition_accuracy,0.92788,0.073071
akf,wo_recognition_accuracy,0.94231,0.043001
akf_robust,wo_recognition_accuracy,0.93429,0.061297
wflc,wo_recognition_accuracy,0.93269,0.062067
gru,wo_recognition_accuracy,0.93429,0.064243
ctx_none,wo_recognition_accuracy,0.93429,0.061297
ctx_oracle,wo_recognition_accuracy,0.93429,0.061297
ctx_ai_correct,wo_recognition_accuracy,0.93429,0.061297
ctx_ai_predicted,wo_recognition_accuracy,0.93429,0.061297
ctx_wrong_letter_gated,wo_recognition_accuracy,0.93429,0.061297
ctx_wrong_letter_full,wo_recognition_accuracy,0.9359,0.061485
neutral,distortion_um,nan,nan
neutral_no_tremor,distortion_um,nan,nan
oracle_disturbance,distortion_um,nan,nan
kfosc_internal,distortion_um,123.19,17.443
pull_oracle,distortion_um,nan,nan
pull_ai_correct,distortion_um,nan,nan
pull_ai_predicted,distortion_um,nan,nan
akf,distortion_um,146.2,21.909
akf_robust,distortion_um,20.566,8.4375
wflc,distortion_um,80.128,11.835
gru,distortion_um,25.179,5.4402
ctx_none,distortion_um,12.045,5.0612
ctx_oracle,distortion_um,11.756,4.9955
ctx_ai_correct,distortion_um,12.095,5.1871
ctx_ai_predicted,distortion_um,12.087,5.1007
ctx_wrong_letter_gated,distortion_um,12.093,5.1466
ctx_wrong_letter_full,distortion_um,12.464,5.334
