label,f0_hz,band_ratio_mean
akf_robust,4.0,1.00118
akf_robust,6.0,0.987499
akf_robust,8.0,0.901196
akf_robust,10.0,0.824529
akf_robust,12.0,0.770082
akf_personal,4.0,0.998035
akf_personal,6.0,0.875212
akf_personal,8.0,0.705329
akf_personal,10.0,0.612351
akf_personal,12.0,0.583092
akf_personal_adjoint,4.0,1.0014
akf_personal_adjoint,6.0,0.690261
akf_personal_adjoint,8.0,0.532431
akf_personal_adjoint,10.0,0.478639
akf_personal_adjoint,12.0,0.48835
akf_personal_adjoint_fc,4.0,1.00005
akf_personal_adjoint_fc,6.0,0.856906
akf_personal_adjoint_fc,8.0,0.641044
akf_personal_adjoint_fc,10.0,0.597946
akf_personal_adjoint_fc,12.0,0.593184
oracle_band,4.0,0.188166
oracle_band,6.0,0.151212
oracle_band,8.0,0.178342
oracle_band,10.0,0.194143
oracle_band,12.0,0.247321
