panel,series,tremor frequency (Hz),ink error ratio
1 mm tremor,"causal, r_rot 0.3",4,0.998039
1 mm tremor,"causal, r_rot 0.3",6,0.973645
1 mm tremor,"causal, r_rot 0.3",8,0.838696
1 mm tremor,"causal, r_rot 0.3",10,0.666862
1 mm tremor,"causal, r_rot 0.3",12,0.660369
1 mm tremor,"causal, r_rot 0.5",4,1.00039
1 mm tremor,"causal, r_rot 0.5",6,0.989172
1 mm tremor,"causal, r_rot 0.5",8,0.806641
1 mm tremor,"causal, r_rot 0.5",10,0.73953
1 mm tremor,"causal, r_rot 0.5",12,0.730957
1 mm tremor,"causal, r_rot 0.7",4,1.00106
1 mm tremor,"causal, r_rot 0.7",6,0.994069
1 mm tremor,"causal, r_rot 0.7",8,0.849466
1 mm tremor,"causal, r_rot 0.7",10,0.80525
1 mm tremor,"causal, r_rot 0.7",12,0.774346
1 mm tremor,"perfect knowledge, r_rot 0.5",4,0.0868156
1 mm tremor,"perfect knowledge, r_rot 0.5",6,0.102197
1 mm tremor,"perfect knowledge, r_rot 0.5",8,0.122983
1 mm tremor,"perfect knowledge, r_rot 0.5",10,0.155234
1 mm tremor,"perfect knowledge, r_rot 0.5",12,0.203027
2 mm tremor,"causal, r_rot 0.3",4,1.00269
2 mm tremor,"causal, r_rot 0.3",6,0.951871
2 mm tremor,"causal, r_rot 0.3",8,0.671827
2 mm tremor,"causal, r_rot 0.3",10,0.530256
2 mm tremor,"causal, r_rot 0.3",12,0.519993
2 mm tremor,"causal, r_rot 0.5",4,1.00348
2 mm tremor,"causal, r_rot 0.5",6,1.02771
2 mm tremor,"causal, r_rot 0.5",8,0.704599
2 mm tremor,"causal, r_rot 0.5",10,0.608729
2 mm tremor,"causal, r_rot 0.5",12,0.641665
2 mm tremor,"causal, r_rot 0.7",4,1.00318
2 mm tremor,"causal, r_rot 0.7",6,0.981151
2 mm tremor,"causal, r_rot 0.7",8,0.737391
2 mm tremor,"causal, r_rot 0.7",10,0.689429
2 mm tremor,"causal, r_rot 0.7",12,0.703311
2 mm tremor,"perfect knowledge, r_rot 0.5",4,0.0962777
2 mm tremor,"perfect knowledge, r_rot 0.5",6,0.119957
2 mm tremor,"perfect knowledge, r_rot 0.5",8,0.156964
2 mm tremor,"perfect knowledge, r_rot 0.5",10,0.200538
2 mm tremor,"perfect knowledge, r_rot 0.5",12,0.24029
