case,coil_loss_W,web_C
no spreader,0.0,30.0
no spreader,0.01,30.995952980520023
no spreader,0.02,31.991905961040043
no spreader,0.03,32.98785894156006
no spreader,0.04,33.983811922080086
no spreader,0.05,34.97976490260011
no spreader,0.06,35.975717883120126
no spreader,0.07,36.97167086364015
no spreader,0.08,37.96762384416017
no spreader,0.09,38.963576824680196
no spreader,0.1,39.95952980520022
no spreader,0.11,40.955482785720235
no spreader,0.12,41.95143576624026
no spreader,0.13,42.94738874676028
no spreader,0.14,43.943341727280306
no spreader,0.15,44.93929470780032
no spreader,0.16,45.935247688320345
no spreader,0.17,46.93120066884037
no spreader,0.18,47.92715364936039
no spreader,0.19,48.92310662988041
no spreader,0.2,49.91905961040044
no spreader,0.21,50.915012590920455
no spreader,0.22,51.91096557144047
no spreader,0.23,52.9069185519605
no spreader,0.24,53.90287153248052
no spreader,0.25,54.89882451300054
no spreader,0.26,55.894777493520564
no spreader,0.27,56.89073047404059
no spreader,0.28,57.88668345456061
no spreader,0.29,58.88263643508063
no spreader,0.3,59.87858941560064
no spreader,0.31,60.874542396120674
no spreader,0.32,61.87049537664069
no spreader,0.33,62.866448357160714
no spreader,0.34,63.86240133768074
no spreader,0.35000000000000003,64.85835431820075
no spreader,0.36,65.85430729872078
no spreader,0.37,66.8502602792408
no spreader,0.38,67.84621325976082
no spreader,0.39,68.84216624028085
no spreader,0.4,69.83811922080088
no spreader,0.41000000000000003,70.8340722013209
no spreader,0.42,71.83002518184091
no spreader,0.43,72.82597816236094
no spreader,0.44,73.82193114288094
no spreader,0.45,74.81788412340097
no spreader,0.46,75.813837103921
no spreader,0.47000000000000003,76.80979008444102
no spreader,0.48,77.80574306496104
no spreader,0.49,78.80169604548107
no spreader,0.5,79.79764902600108
no spreader,0.51,80.7936020065211
no spreader,0.52,81.78955498704113
no spreader,0.53,82.78550796756116
no spreader,0.54,83.78146094808118
no spreader,0.55,84.77741392860119
no spreader,0.56,85.77336690912122
no spreader,0.5700000000000001,86.76931988964124
no spreader,0.58,87.76527287016125
no spreader,0.59,88.76122585068127
no spreader,0.6,89.75717883120129
graphite 0.1 x 30 mm (chosen),0.0,30.0
graphite 0.1 x 30 mm (chosen),0.01,30.328930666131214
graphite 0.1 x 30 mm (chosen),0.02,30.657861332262424
graphite 0.1 x 30 mm (chosen),0.03,30.986791998393638
graphite 0.1 x 30 mm (chosen),0.04,31.315722664524852
graphite 0.1 x 30 mm (chosen),0.05,31.644653330656062
graphite 0.1 x 30 mm (chosen),0.06,31.973583996787276
graphite 0.1 x 30 mm (chosen),0.07,32.30251466291849
graphite 0.1 x 30 mm (chosen),0.08,32.631445329049704
graphite 0.1 x 30 mm (chosen),0.09,32.96037599518092
graphite 0.1 x 30 mm (chosen),0.1,33.289306661312125
graphite 0.1 x 30 mm (chosen),0.11,33.61823732744334
graphite 0.1 x 30 mm (chosen),0.12,33.94716799357455
graphite 0.1 x 30 mm (chosen),0.13,34.27609865970577
graphite 0.1 x 30 mm (chosen),0.14,34.60502932583698
graphite 0.1 x 30 mm (chosen),0.15,34.933959991968194
graphite 0.1 x 30 mm (chosen),0.16,35.26289065809941
graphite 0.1 x 30 mm (chosen),0.17,35.59182132423062
graphite 0.1 x 30 mm (chosen),0.18,35.92075199036183
graphite 0.1 x 30 mm (chosen),0.19,36.24968265649304
graphite 0.1 x 30 mm (chosen),0.2,36.57861332262426
graphite 0.1 x 30 mm (chosen),0.21,36.90754398875547
graphite 0.1 x 30 mm (chosen),0.22,37.236474654886685
graphite 0.1 x 30 mm (chosen),0.23,37.5654053210179
graphite 0.1 x 30 mm (chosen),0.24,37.894335987149105
graphite 0.1 x 30 mm (chosen),0.25,38.22326665328032
graphite 0.1 x 30 mm (chosen),0.26,38.55219731941153
graphite 0.1 x 30 mm (chosen),0.27,38.88112798554275
graphite 0.1 x 30 mm (chosen),0.28,39.21005865167396
graphite 0.1 x 30 mm (chosen),0.29,39.538989317805175
graphite 0.1 x 30 mm (chosen),0.3,39.86791998393639
graphite 0.1 x 30 mm (chosen),0.31,40.196850650067596
graphite 0.1 x 30 mm (chosen),0.32,40.52578131619881
graphite 0.1 x 30 mm (chosen),0.33,40.85471198233002
graphite 0.1 x 30 mm (chosen),0.34,41.18364264846124
graphite 0.1 x 30 mm (chosen),0.35000000000000003,41.51257331459245
graphite 0.1 x 30 mm (chosen),0.36,41.84150398072366
graphite 0.1 x 30 mm (chosen),0.37,42.17043464685487
graphite 0.1 x 30 mm (chosen),0.38,42.499365312986086
graphite 0.1 x 30 mm (chosen),0.39,42.8282959791173
graphite 0.1 x 30 mm (chosen),0.4,43.157226645248514
graphite 0.1 x 30 mm (chosen),0.41000000000000003,43.48615731137973
graphite 0.1 x 30 mm (chosen),0.42,43.81508797751094
graphite 0.1 x 30 mm (chosen),0.43,44.144018643642156
graphite 0.1 x 30 mm (chosen),0.44,44.47294930977337
graphite 0.1 x 30 mm (chosen),0.45,44.801879975904576
graphite 0.1 x 30 mm (chosen),0.46,45.13081064203579
graphite 0.1 x 30 mm (chosen),0.47000000000000003,45.459741308167004
graphite 0.1 x 30 mm (chosen),0.48,45.78867197429822
graphite 0.1 x 30 mm (chosen),0.49,46.117602640429425
graphite 0.1 x 30 mm (chosen),0.5,46.44653330656064
graphite 0.1 x 30 mm (chosen),0.51,46.77546397269185
graphite 0.1 x 30 mm (chosen),0.52,47.10439463882307
graphite 0.1 x 30 mm (chosen),0.53,47.43332530495428
graphite 0.1 x 30 mm (chosen),0.54,47.762255971085494
graphite 0.1 x 30 mm (chosen),0.55,48.09118663721671
graphite 0.1 x 30 mm (chosen),0.56,48.42011730334792
graphite 0.1 x 30 mm (chosen),0.5700000000000001,48.749047969479136
graphite 0.1 x 30 mm (chosen),0.58,49.07797863561034
graphite 0.1 x 30 mm (chosen),0.59,49.40690930174156
graphite 0.1 x 30 mm (chosen),0.6,49.73583996787277
